-- phpMyAdmin SQL Dump
-- version 5.1.1
-- https://www.phpmyadmin.net/
--
-- Host: 127.0.0.1
-- Generation Time: Dec 18, 2023 at 10:34 AM
-- Server version: 10.4.21-MariaDB
-- PHP Version: 7.3.31

SET SQL_MODE = "NO_AUTO_VALUE_ON_ZERO";
START TRANSACTION;
SET time_zone = "+00:00";


/*!40101 SET @OLD_CHARACTER_SET_CLIENT=@@CHARACTER_SET_CLIENT */;
/*!40101 SET @OLD_CHARACTER_SET_RESULTS=@@CHARACTER_SET_RESULTS */;
/*!40101 SET @OLD_COLLATION_CONNECTION=@@COLLATION_CONNECTION */;
/*!40101 SET NAMES utf8mb4 */;

--
-- Database: `fahad_pos`
--

-- --------------------------------------------------------

--
-- Table structure for table `brand`
--

CREATE TABLE `brand` (
  `id` int(11) NOT NULL,
  `name` varchar(100) NOT NULL
) ENGINE=InnoDB DEFAULT CHARSET=latin1;

--
-- Dumping data for table `brand`
--

INSERT INTO `brand` (`id`, `name`) VALUES
(2, 'CALTEX'),
(3, 'SHELL'),
(4, 'CASTROL'),
(5, 'ZIC'),
(6, 'TOYOTA'),
(7, 'HYUNDAI'),
(9, 'GUARD'),
(10, 'NASA'),
(11, 'DRUM'),
(12, 'OIL'),
(13, 'COOLANT'),
(14, 'FILTER'),
(15, 'UNIIKING'),
(16, 'UFH'),
(17, 'B.S'),
(18, 'PAK'),
(19, 'UA'),
(20, 'GOLD STAR'),
(21, 'CHINA'),
(22, 'WAX'),
(23, 'BROTHER STAR'),
(24, 'LEPPON'),
(25, 'MAX'),
(26, 'PSO'),
(27, 'TOTAL'),
(28, 'OSAKA'),
(29, 'U S'),
(30, 'SUPER MAX'),
(31, 'LEEPON'),
(32, 'PUMA'),
(33, 'tt'),
(34, 'AISIN'),
(35, 'FUCHS'),
(36, 'GP'),
(37, 'HONDA'),
(38, 'Brand'),
(39, 'HUYNDAI'),
(40, 'MOBIL'),
(41, 'SPRAY'),
(42, 'Hayco'),
(43, 'SUNRISE'),
(44, 'Testing Brand 1');

-- --------------------------------------------------------

--
-- Table structure for table `category`
--

CREATE TABLE `category` (
  `id` int(11) NOT NULL,
  `name` varchar(30) NOT NULL
) ENGINE=InnoDB DEFAULT CHARSET=latin1;

--
-- Dumping data for table `category`
--

INSERT INTO `category` (`id`, `name`) VALUES
(1, 'FILTER'),
(2, 'CAR WAX'),
(3, 'CLOTH'),
(4, 'OIL'),
(5, 'COOLANT'),
(6, 'WATER'),
(7, 'HAVOLINE PRO DS 5/40 4 LTR'),
(8, 'HAVOLINE FORMULA 4 LTR'),
(9, 'HAVOLINE FORMULA 3 LTR'),
(10, 'HAVOLINE MOTOR OIL 4 LTR'),
(11, 'HAVOLINE MOTOR OIL 3 LTR'),
(12, 'HAVOLINE MOTOR OIL 1 LTR'),
(13, 'HAVOLINE 4T FULLY SYNTHETIC 1 '),
(14, 'HAVOLINE 4T SUPER 1 LTR'),
(15, 'HAVOLINE 4T 0.7 LTR'),
(16, 'HAVOLINE COOLANT 1 LTR'),
(17, 'DELO GOLD ULTRA (500) 1 LTR'),
(18, 'DELO SILVER MULTI (400) 1 LTR'),
(19, 'DELO SILVER MONO (300) 1 LTR'),
(20, 'HYUNDAI HD ULTRA 4 LTR'),
(21, 'PROSMETIC AIR FILTER UNIIKING'),
(22, 'COROLLA 86 AIR FILTER UNIIKING'),
(23, ''),
(24, 'SPRAY'),
(25, 'OIL FILTER'),
(26, 'AIR FILTER'),
(27, 'FLITER'),
(28, 'FILTR'),
(29, 'WD 40'),
(30, 'Category'),
(31, 'Testing Cat 1');

-- --------------------------------------------------------

--
-- Table structure for table `customer`
--

CREATE TABLE `customer` (
  `id` int(11) NOT NULL,
  `name` varchar(50) NOT NULL,
  `email` varchar(150) NOT NULL,
  `car_no` varchar(12) NOT NULL,
  `phone` varchar(12) NOT NULL,
  `mileage` int(200) NOT NULL
) ENGINE=InnoDB DEFAULT CHARSET=latin1;

--
-- Dumping data for table `customer`
--

INSERT INTO `customer` (`id`, `name`, `email`, `car_no`, `phone`, `mileage`) VALUES
(2, 'MEHBOOB ALAM', '', 'AGF-931', '03072229028', 29601),
(3, 'FAISAL POULTRY FARM', '', 'JT-2094', '03124871767', 0),
(4, 'UMER', '', 'KTJ-4915', '03129949675', 5135),
(5, 'ABDUL AZIZ', '', 'D.20-01913', '03022925104', 0),
(6, 'AHMER TAJ', '', '', '', 0),
(7, 'AFZAL PATEL', '', '', '', 0),
(8, 'IBRAR', '', '', '', 0),
(9, 'UMAIR', '', 'KKP-3848', '03462004009', 0),
(10, 'ASAD ALI', '', '', '', 0),
(11, 'MAJID', '', '', '', 0),
(12, 'HASSAN', '', 'AFY-098', '03152449764', 158000),
(13, 'NASIR', '', '', '', 0),
(14, 'SHERAZ KAZMI', '', 'CU-7266', '03442786110', 0),
(15, 'SHAHBAZ', '', 'KPA-8851', '', 0),
(16, 'AHSAN', '', 'KNX-5357', '', 17919),
(17, 'ABDUL MANAN', '', '8808', '03462470728', 30415),
(18, 'SAQIB', '', '', '03313374166', 0),
(19, 'MUHAMMAD ZAKI', '', '1610', '', 0),
(20, 'ARAB OIL', '', '', '', 0),
(21, 'SOHAIB', '', 'BYE-363', '', 27500),
(22, 'MUHAMMAD SAAD', '', '', '', 0),
(23, 'MUHAMMAD RAFIQ', '', 'D17-24244', '', 0),
(24, 'SHERAZ KHAN', '', '', '', 0),
(26, 'WAQAR', '', 'KER-4044', '03456355566', 0),
(27, 'ASHFAQ', '', '', '03142320127', 0),
(28, 'KHAN TRANSPORT', '', '2211', '', 0),
(29, 'KASHIF', '', 'KLP-2047', '03003077127', 0),
(30, 'ARSALAN', '', '', '', 0),
(31, 'ARSHAD', '', '', '', 0),
(32, 'RAFIQ', '', '', '', 0),
(33, 'BILAL', '', '', '', 0),
(34, 'MUSHEER', '', '', '', 0),
(35, 'SHAHBAZ', '', 'AYR-633', '', 130120),
(36, 'ZAHEER', '', '', '', 0),
(37, 'KM AUTOMOBILE', '', '', '03132608046', 0),
(39, 'RAEES AHMED', '', '', '', 0),
(40, 'NADEEM', '', '', '03454600152', 2608),
(41, 'ZOHAIB', '', '', '03160123150', 0),
(42, 'ABDULLAH', '', '', '03440321657', 0),
(43, 'RIZWAN', '', '', '03452489943', 0),
(44, 'BURHAN', '', '', '03218248243', 84099),
(45, 'AMIR', '', '', '03002324516', 0),
(46, 'SHAH NAWAZ', '', '', '03463030388', 0),
(47, 'WAQAR', 'test@test.com', 'CV-1139', '03422601675', 0),
(48, 'RIZWAN/COURE', '', '', '', 0),
(49, 'FAISAL/FX', '', 'AA-9789', '03368880922', 0),
(50, 'ARIF/XLI', '', 'BDZ-174', '', 248814),
(51, 'ZOHAIB SAAD/125CC', '', '', '', 0),
(52, 'ABDUL REHMAN/CHAMBER', '', 'KW-3521', '', 0),
(53, 'FL', '', '', '', 0),
(54, 'JAWAID HASSAN', '', '', '03072041287', 0),
(55, 'KASHIF/PRIUS', '', 'BBR-844', '03212446773', 0),
(56, 'DANISH/FX', '', 'L-8825', '03402304947', 0),
(57, 'AHSAN/ALTO', '', 'AHW-040', '03158218606', 0),
(58, 'SABIR/CHAMBER', '', 'KV-9189', '03121125496', 0),
(59, 'SYED HASSAAN ALI', '', 'E0578', '03332254902', 0),
(60, 'MUHAMMAD DAWAR', '', '', '', 0),
(61, 'ZEESHAN', '', '', '', 0),
(62, 'SUFYAN', '', '', '', 0),
(63, 'HASSAN ZAMAN', '', 'KPU-4429', '', 0),
(64, 'HASSAN SHEIKH', '', 'KBG-6542', '', 0),
(65, 'SOHRAB', '', 'CW-9318', '', 0),
(66, 'FARHAN SAEED/WHITE CULTUS', '', 'BKG-231', '', 54883),
(67, 'YOUSUF', '', 'BRM-5739', '03402071401', 0),
(68, 'IRFAN', '', '', '', 0),
(69, 'MUHAMMAD SHOAIB', '', 'BVN-202', '03212613129', 0),
(70, 'ASHIR', '', '', '03112069800', 0),
(71, 'FAIZAN', '', 'D15-13676', '', 0),
(72, 'SAQIB', '', 'AXP-259', '', 0),
(73, 'ASAD', '', 'KLX-5687', '03316099312', 29033),
(74, 'SHAMROZ', '', 'KIW-4232', '03172500050', 0),
(75, 'ALI', '', '', '03139022223', 0),
(76, 'HASSAN SHAHID', '', 'BBP-728', '03162674563', 45000),
(77, 'ABDUL NASIR', '', 'KKW-5071', '', 0),
(78, 'MUHAMMAD ASIF', '', 'KV-1541', '03002119242', 0),
(79, 'HAMZA', '', 'KOM-9318', '', 0),
(80, 'SHAZIL', '', 'H-6460', '', 0),
(81, 'FAISAL', '', '', '03017584801', 0),
(82, 'ZOHAIB MALIK', '', 'KOU-6506', '', 23995),
(83, 'ZEESHAN- FABIHA SHOWROOM', '', '', '03159256592', 0),
(84, 'JAWWAD', '', '', '03212435190', 0),
(85, 'SAQIB', '', '', '03112396295', 0),
(86, 'USMAN', '', 'ANP-439', '', 135719),
(87, 'TARIQ', '', 'AMG-050', '', 0),
(88, 'MOHSIN', '', '', '03158323162', 0),
(89, 'MUHAMMAD SHOAIB ', '', '', '03099173272', 0),
(90, 'UBAID-CHARADE', '', 'P-4144', '03186990186', 0),
(91, 'SALMAN', '', '', '03018225770', 0),
(92, 'FURQAN', '', 'J-0313', '', 5999),
(93, 'RASHEED', '', 'KR-6288', '', 0),
(94, 'ADNAN', '', 'KOH-1951', '', 51208),
(95, 'ASAD OIL TRADERS', '', '', '03433498739', 0),
(96, 'SAJID-SHEHZORE', '', 'KP-7753', '03112867822', 0),
(97, 'MUHAMMAD', '', '', '03008208540', 0),
(98, 'MUHAMMAD IRFAN-ALTO', '', 'AKS-206', '', 167443),
(99, 'NADEEM H', '', 'LEA-4330', '', 209402),
(100, 'TAHIR IQBAL', '', '', '03442483567', 0),
(101, 'HAMZA', '', '', '', 0),
(102, 'SAJID KHAN', '', '', '03402488599', 0),
(103, 'AYOUM', '', '', '03134823118', 0),
(104, 'FAISAL POULTRY FARM', '', 'JV-8308', '', 0),
(105, 'ZULFAQAR ABBAS', '', 'ASP-336', '', 82120),
(106, 'ZEESHAN', '', 'ATH-044', '', 84923),
(107, 'TEHMOOR', '', '', '03113289574', 0),
(108, 'FAIZAN SB', '', '', '03333867508', 0),
(109, 'MASOOD', '', 'AJM629', '03009258988', 0),
(110, 'M.IMRAN', '', '', '03222254619', 0),
(111, 'WASI', '', '', '03072411599', 0),
(112, 'KASHIF', '', '', '03212184314', 0),
(113, 'NOMAN', '', 'BPD-562', '', 63842),
(114, 'KASHIF ALI', '', 'BWH-298', '', 21),
(115, 'FALCON TRADERS', '', '', '', 0),
(116, 'WAQAR', '', '', '03456355566', 0),
(117, 'ASIF -KHALID AUTOS', '', '', '03060776786', 0),
(118, 'GUL-SHAREEF', '', 'BRX-305', '', 70500),
(119, 'TOHEET', '', '', '03122141188', 0),
(120, 'SIKANDER SHAH', '', '', '', 0),
(121, 'HASSAN SB', '', '', '', 0),
(122, 'waqas', '', '', '03136434705', 0),
(123, 'asad', '', '', '0312279800', 0),
(124, 'wasif sb', '', '', '', 138156),
(125, 'syed bilal rizvi', '', '', '03142152578', 0),
(126, 'sami', '', '', '03162035547', 0),
(127, 'noman sb', '', '', '03442205918', 0),
(128, 'shokat ali', '', '', '03218949830', 0),
(129, 'imran sb', '', '', '', 0),
(130, 'm. zubair', '', '', '03182583038', 0),
(131, 'BABAR', '', '', '03113166866', 0),
(132, 'NABEEL OIL', '', '', '', 0),
(133, 'JAVED BHAI', '', '', '', 0),
(134, 'SOHAIL IKRAM', '', '', '03322400753', 0),
(135, 'BABAR', '', '', '03170425067', 0),
(136, 'SHAHZAIB', '', '', '03217807302', 69517),
(137, 'SHAHZAIB', '', '', '03217807302', 0),
(138, 'ARSALAN', '', '', '03151272191', 0),
(139, 'RASHID', '', '22628', '', 0),
(140, 'FAROOQ SB', '', '', '', 0),
(141, 'ADEEL SB', '', '', '03002602627', 0),
(142, 'sahil', '', '', '', 0),
(143, 'm.zakir', '', '', '', 0),
(144, 'hamail', '', '', '03069133210', 0),
(145, 'hamail', '', '', '03069133210', 0),
(146, 'm. sami khan', '', '', '03032275867', 0),
(147, 'bilal sb', '', '', '03212180517', 0),
(148, 'syed rehman', '', '', '03002195671', 61722),
(149, 'farooq sb', '', '', '03002938351', 0),
(150, 'ahmed sb', '', '', '03152552232', 0),
(151, 'bashir', '', '', '03008988190', 0),
(152, 'm. baber', '', '', '03412224685', 0),
(153, 'abbas', '', '', '03172649099', 92767),
(154, 'm. hammad', '', '', '03432420311', 0),
(155, 'riaz', '', '', '03452287825', 0),
(156, 'abdul razzaq', '', '', '03453128128', 0),
(157, 'irfan', '', '', '03312064328', 0),
(158, 'umair sb', '', '', '03354288818', 0),
(159, 'imran sb', '', '', '03002139163', 0),
(160, 'saqib hussain', '', '', '03486482346', 0),
(161, 'farhan rashid', '', 'kdg-6401', '', 0),
(162, 'jhanzaib', '', '', '03082515714', 0),
(163, 'sajid', '', '', '03232598837', 0),
(164, 'osama sb', '', '', '03422079353', 0),
(165, 'fahad lubricants', '', '', '', 0),
(166, 'Rao oil', '', '', '', 0),
(167, 'fazal sb', '', '', '03333214642', 0),
(168, 'fazal sb', '', '', '03333214642', 0),
(169, 'javed', '', 'kr4951', '03009268271', 0),
(170, 'FAHAD', '', '', '03463322258', 0),
(171, 'm. safdar', '', '', '03152446323', 0),
(172, 'naveen oil new', '', '', '', 0),
(173, 'fahad sb', '', '', '03122894097', 0),
(174, 'SADAKAT', '', '', '', 0),
(175, 'FAIZAN', '', '', '', 0),
(176, 'BILAL', '', '', '03100102169', 0),
(177, 'ARIF SB', '', '', '03362744410', 0),
(178, 'irshad sb', '', '', '03452463936', 0),
(179, 'mir ahmed', '', '', '03170279254', 0),
(180, 'danish rent', '', '', '', 0),
(181, 'danish sb', '', '', '', 81920),
(182, 'sami up', '', '', '', 0),
(183, 'afzal', '', '', '', 0),
(184, 'zahid', '', '', '', 0),
(185, 'fayyaz ul  hassan', '', '', '03118323339', 34825),
(186, '125 ', '', '', '', 0),
(187, 'imran sb', '', '', '', 0),
(188, 'amjad acb634', '', '', '', 0),
(189, 'MOIZ 5451', '', '', '03082457077', 0),
(190, 'AFZAL', '', '', '03122271160', 0),
(191, 'SHAFIQ SB', '', '', '', 0),
(192, 'L -9924', '', '', '', 0),
(193, 'MANSOOR SB', '', '', '', 0),
(194, 'cw8995', '', '', '', 94220),
(195, 'A-18', '', '', '', 0),
(196, 'ijaz', '', '', '', 0),
(197, 'hashmat', '', '', '', 0),
(198, 'rs services', '', 'kQ - 3847', '', 966),
(199, 'meraz', '', '', '', 0),
(200, 'D -18 ( 11742 )', '', '', '', 0),
(201, 'Testing Customer 1', 'rewawu@mailinator.com', 'kig-6454', '+1 (545) 168', 300),
(202, 'Testing Customer 2', 'qezofuvudo@mailinator.com', 'Nihil laudan', '+1 (351) 396', 99),
(203, 'Testing Customer 3', 'buwodycip@mailinator.com', 'Voluptas dol', '+1 (594) 152', 15),
(204, 'Testing Customer 4', 'fulygysy@mailinator.com', 'Est beatae s', '+1 (145) 921', 62),
(207, 'Sumaim Ahmed', 'devpublic14@gmail.com', 'KIB-3395', '987654322', 0);

-- --------------------------------------------------------

--
-- Table structure for table `expense`
--

CREATE TABLE `expense` (
  `id` int(11) NOT NULL,
  `name` varchar(100) NOT NULL,
  `amount` float(8,2) NOT NULL,
  `date` timestamp NULL DEFAULT NULL
) ENGINE=InnoDB DEFAULT CHARSET=latin1;

--
-- Dumping data for table `expense`
--

INSERT INTO `expense` (`id`, `name`, `amount`, `date`) VALUES
(1, 'AHMER TAJ DISCOUNT', 25.00, '2023-04-16 12:30:55'),
(2, 'AFTAARI', 250.00, '2023-04-16 15:21:00'),
(3, 'TEA', 100.00, '2023-04-17 15:57:51'),
(4, 'SURF', 50.00, '2023-04-17 17:40:42'),
(5, 'PETROL', 50.00, '2023-04-18 06:26:27'),
(6, '', 180.00, '2023-04-18 14:41:47'),
(7, 'GIFTING CLOTHES 2 PACKS', 440.00, '2023-04-18 16:20:42'),
(8, 'TEA', 70.00, '2023-04-18 17:15:20'),
(9, 'WELDER', 2000.00, '2023-04-18 17:20:27'),
(10, 'SHOPPING BAGS', 350.00, '2023-04-19 09:23:31'),
(11, 'LUSTURE PACKET', 80.00, '2023-04-19 09:24:03'),
(12, 'DISCOUNT', 50.00, '2023-04-19 10:37:50'),
(13, 'SURF ', 50.00, '2023-04-19 11:45:58'),
(14, 'TEA', 100.00, '2023-04-19 15:55:51'),
(15, 'SALARY EXPENSE NADEEM', 5000.00, '2023-04-19 17:12:23'),
(16, 'WATER & ICE', 30.00, '2023-04-20 05:49:09'),
(17, 'FARHAN SAEED/WHITE CULTUS ', 210.00, '2023-04-20 07:34:05'),
(18, '4 BILLS OF KWSB', 4226.00, '2023-04-20 11:21:46'),
(19, 'PETROL SHAHZAD', 50.00, '2023-04-20 15:42:48'),
(20, 'SHAH SECURITY', 15000.00, '2023-04-20 17:50:55'),
(21, 'FOOD & OTHER EXPENSE', 600.00, '2023-04-21 10:47:12'),
(22, 'WATER', 50.00, '2023-04-21 10:48:24'),
(23, 'EIDI TO SECURITY GUARD', 1000.00, '2023-04-21 19:01:19'),
(24, 'AHMED WATER FOR SERVICE ', 1000.00, '2023-04-23 17:06:04'),
(25, '', 39.00, '2023-04-23 17:09:56'),
(26, 'WATER', 60.00, '2023-04-24 07:58:19'),
(27, 'TEA', 130.00, '2023-04-24 14:52:28'),
(28, 'TEA', 100.00, '2023-04-24 15:39:37'),
(29, 'KE BILLS *4 FLAT E-022,SHOP 22,23, & 24', 8353.00, '2023-04-25 05:41:33'),
(30, 'CASH SHORT FAISAL', 150.00, '2023-04-25 09:17:22'),
(31, 'FOOD EXPENSE', 500.00, '2023-04-25 11:59:12'),
(32, 'FOOD', 500.00, '2023-04-26 12:47:02'),
(33, 'FOR GUESTS ', 300.00, '2023-04-26 12:47:21'),
(34, 'SHAH SECURITY ', 20000.00, '2023-04-26 17:53:59'),
(35, 'food', 1000.00, '2023-04-27 16:38:51'),
(36, 'TEA', 250.00, '2023-04-27 17:52:58'),
(37, 'pani or baraf', 50.00, '2023-04-28 06:35:42'),
(38, 'food', 500.00, '2023-04-28 09:31:52'),
(39, 'SHAHZAD PETROL', 50.00, '2023-04-28 11:38:47'),
(40, 'CHACHU BASHARAT PETROL ', 500.00, '2023-04-28 14:29:21'),
(41, 'DISCOUNT SHAHZAIB', 200.00, '2023-04-28 16:19:38'),
(42, 'CASH SHORT', 25.00, '2023-04-28 16:44:46'),
(43, 'nashta', 300.00, '2023-04-29 04:51:41'),
(44, 'food', 630.00, '2023-04-29 09:41:42'),
(45, 'chai', 200.00, '2023-04-29 13:09:15'),
(46, 'food', 500.00, '2023-04-30 04:28:21'),
(47, '3 plug for carcher', 230.00, '2023-04-30 07:20:40'),
(48, 'pani', 50.00, '2023-04-30 07:41:09'),
(49, 'food', 600.00, '2023-04-30 12:24:51'),
(50, 'night food', 1200.00, '2023-05-01 05:01:01'),
(51, 'food', 670.00, '2023-05-01 10:29:18'),
(52, 'roti', 150.00, '2023-05-02 12:13:58'),
(53, 'tea', 250.00, '2023-05-02 16:04:13'),
(54, 'fiaz ', 100.00, '2023-05-02 16:38:58'),
(55, 'shopping bags', 200.00, '2023-05-03 07:09:53'),
(56, 'food', 200.00, '2023-05-03 08:07:35'),
(57, 'PANI + PETROL IMRAN ', 200.00, '2023-05-03 16:03:21'),
(58, 'MALIK IMRAN EXPENSES', 500.00, '2023-05-03 18:21:41'),
(59, 'food', 200.00, '2023-05-04 08:49:23'),
(60, 'easyload', 100.00, '2023-05-04 15:22:36'),
(61, 'chai', 50.00, '2023-05-04 16:45:46'),
(62, 'nashta ', 300.00, '2023-05-05 05:31:46'),
(63, 'pani wagera', 150.00, '2023-05-05 06:57:12'),
(64, 'PAPA GOLD LEAF OR ROTI', 670.00, '2023-05-05 08:54:47'),
(65, 'chai', 170.00, '2023-05-05 18:03:12'),
(66, 'pani', 50.00, '2023-05-06 05:28:25'),
(67, 'food', 670.00, '2023-05-06 11:12:10'),
(68, 'pani', 50.00, '2023-05-07 06:32:49'),
(69, 'diesel', 200.00, '2023-05-07 07:50:34'),
(70, 'CHAI', 100.00, '2023-05-07 12:43:26'),
(71, 'CHAI', 100.00, '2023-05-07 15:29:57'),
(72, 'roti', 150.00, '2023-05-08 09:03:05'),
(73, 'chai', 100.00, '2023-05-08 13:31:26'),
(74, 'roti', 180.00, '2023-05-09 10:04:26');

-- --------------------------------------------------------

--
-- Table structure for table `orders`
--

CREATE TABLE `orders` (
  `id` int(11) NOT NULL,
  `customer_id` int(11) NOT NULL,
  `time` timestamp NULL DEFAULT NULL,
  `status` int(5) NOT NULL,
  `discount` int(50) NOT NULL DEFAULT 0,
  `total` float(12,2) NOT NULL
) ENGINE=InnoDB DEFAULT CHARSET=latin1;

--
-- Dumping data for table `orders`
--

INSERT INTO `orders` (`id`, `customer_id`, `time`, `status`, `discount`, `total`) VALUES
(1, 1, '2023-04-13 17:53:27', 1, 25, 1000.00),
(2, 2, '2023-04-16 06:18:43', 1, 490, 7100.00),
(3, 3, '2023-04-16 06:57:12', 1, 700, 12850.00),
(4, 4, '2023-04-16 09:33:32', 1, 9, 530.00),
(5, 5, '2023-04-16 11:05:14', 1, 24, 850.00),
(6, 6, '2023-04-16 12:27:05', 1, 0, 1025.00),
(7, 7, '2023-04-16 13:12:23', 1, 3, 1050.00),
(8, 8, '2023-04-16 13:15:43', 1, 0, 450.00),
(9, 9, '2023-04-16 14:38:09', 1, 5, 550.00),
(10, 10, '2023-04-16 15:28:39', 1, 25, 600.00),
(11, 11, '2023-04-16 15:36:09', 1, 0, 300.00),
(12, 12, '2023-04-16 15:44:34', 1, 0, 800.00),
(13, 13, '2023-04-16 16:14:36', 1, 0, 90.00),
(14, 14, '2023-04-16 17:27:10', 1, 400, 3550.00),
(16, 15, '2023-04-16 17:34:57', 1, 25, 600.00),
(18, 16, '2023-04-17 08:11:17', 1, 0, 1480.00),
(19, 17, '2023-04-17 08:49:08', 1, 30, 1300.00),
(20, 18, '2023-04-17 10:10:27', 1, 0, 800.00),
(21, 19, '2023-04-17 10:55:35', 1, 25, 530.00),
(22, 20, '2023-04-17 11:30:55', 1, 100, 1000.00),
(23, 1, '2023-04-17 12:18:14', 1, 0, 30.00),
(24, 21, '2023-04-17 12:45:24', 1, 230, 6200.00),
(25, 22, '2023-04-17 12:47:51', 1, 60, 1950.00),
(26, 23, '2023-04-17 15:45:26', 1, 13, 1040.00),
(27, 24, '2023-04-17 15:53:20', 1, 19, 580.00),
(28, 25, '2023-04-17 16:14:36', 1, 0, 200.00),
(29, 27, '2023-04-17 16:44:06', 1, 34, 840.00),
(30, 28, '2023-04-17 16:50:18', 1, 60, 1650.00),
(31, 29, '2023-04-17 16:57:17', 1, 29, 1500.00),
(32, 30, '2023-04-17 17:18:01', 1, 0, 450.00),
(33, 31, '2023-04-18 04:20:56', 1, 0, 280.00),
(34, 32, '2023-04-18 04:22:53', 1, 0, 280.00),
(35, 33, '2023-04-18 04:24:07', 1, 19, 520.00),
(36, 34, '2023-04-18 05:40:10', 1, 5, 310.00),
(37, 35, '2023-04-18 05:51:33', 1, 136, 3850.00),
(38, 36, '2023-04-18 06:29:03', 1, 0, 200.00),
(39, 1, '2023-04-18 06:59:14', 1, -10, 100.00),
(40, 39, '2023-04-18 08:18:14', 1, 0, 315.00),
(41, 1, '2023-04-18 08:30:33', 1, -35, 350.00),
(43, 41, '2023-04-18 09:47:24', 1, 186, 3100.00),
(44, 42, '2023-04-18 09:56:37', 1, 0, 450.00),
(45, 37, '2023-04-18 10:28:46', 1, 150, 300.00),
(47, 44, '2023-04-18 12:15:54', 1, 381, 5200.00),
(48, 45, '2023-04-18 12:17:55', 1, 19, 580.00),
(50, 37, '2023-04-18 12:45:21', 1, 215, 485.00),
(52, 46, '2023-04-18 12:54:03', 1, 0, 315.00),
(53, 43, '2023-04-18 12:55:23', 1, 0, 315.00),
(54, 47, '2023-04-18 15:18:09', 1, 296, 5000.00),
(55, 48, '2023-04-18 15:56:27', 1, 225, 3000.00),
(56, 49, '2023-04-18 16:06:16', 1, 186, 3650.00),
(57, 50, '2023-04-18 17:05:57', 1, 75, 2500.00),
(58, 1, '2023-04-18 17:10:11', 1, 0, 30.00),
(59, 51, '2023-04-19 07:46:45', 1, 55, 900.00),
(60, 52, '2023-04-19 08:16:18', 1, 200, 3750.00),
(61, 1, '2023-04-19 08:16:46', 1, 0, 400.00),
(62, 1, '2023-04-19 08:16:46', 2, 0, 400.00),
(63, 53, '2023-04-19 08:50:25', 1, 350, 0.00),
(64, 54, '2023-04-19 09:38:05', 1, 19, 580.00),
(65, 55, '2023-04-19 10:29:57', 2, 1090, -1090.00),
(66, 56, '2023-04-19 10:34:59', 1, 136, 3400.00),
(67, 55, '2023-04-19 10:55:03', 1, -905, 9840.00),
(68, 1, '2023-04-19 11:09:28', 1, 0, 210.00),
(69, 57, '2023-04-19 11:21:09', 1, 186, 3650.00),
(70, 58, '2023-04-19 11:44:49', 1, 50, 600.00),
(71, 1, '2023-04-19 11:57:30', 1, 5, 310.00),
(72, 1, '2023-04-19 12:21:46', 1, 20, 700.00),
(73, 59, '2023-04-19 12:23:32', 1, 59, 3900.00),
(74, 60, '2023-04-19 13:21:58', 1, 0, 599.00),
(75, 41, '2023-04-19 15:09:30', 1, 29, 1100.00),
(76, 1, '2023-04-19 15:12:25', 1, -20, 100.00),
(77, 1, '2023-04-19 15:24:11', 1, 0, 599.00),
(78, 61, '2023-04-19 16:30:04', 1, 55, 900.00),
(79, 62, '2023-04-19 16:50:18', 1, 0, 300.00),
(80, 63, '2023-04-19 16:54:39', 1, 40, 900.00),
(81, 1, '2023-04-20 04:40:00', 1, 0, 280.00),
(82, 1, '2023-04-20 04:40:23', 1, 5, 450.00),
(83, 1, '2023-04-20 05:00:33', 1, 25, 530.00),
(84, 64, '2023-04-20 05:09:54', 1, 0, 450.00),
(85, 65, '2023-04-20 05:46:38', 1, 0, 599.00),
(86, 66, '2023-04-20 07:28:59', 1, 300, 750.00),
(87, 67, '2023-04-20 08:44:27', 1, 20, 700.00),
(88, 68, '2023-04-20 09:58:18', 1, 25, 600.00),
(89, 69, '2023-04-20 10:56:11', 1, 0, 150.00),
(90, 61, '2023-04-20 11:00:59', 1, 55, 900.00),
(91, 70, '2023-04-20 11:03:03', 1, 40, 900.00),
(92, 71, '2023-04-20 11:11:56', 1, 0, 400.00),
(93, 71, '2023-04-20 11:25:26', 1, 0, 30.00),
(94, 69, '2023-04-20 11:59:14', 1, 229, 7850.00),
(95, 69, '2023-04-20 11:59:54', 1, 0, 450.00),
(96, 1, '2023-04-20 12:29:59', 1, 5, 310.00),
(97, 1, '2023-04-20 13:31:41', 1, 19, 580.00),
(98, 72, '2023-04-20 13:37:23', 1, 50, 1200.00),
(99, 73, '2023-04-20 15:02:42', 1, 53, 1000.00),
(100, 74, '2023-04-20 15:18:58', 1, 50, 1430.00),
(101, 1, '2023-04-20 15:37:15', 1, 25, 600.00),
(102, 22, '2023-04-20 17:22:20', 2, 20, 700.00),
(103, 22, '2023-04-20 17:26:10', 1, 60, 880.00),
(104, 75, '2023-04-20 17:44:26', 1, 20, 700.00),
(105, 76, '2023-04-20 17:47:46', 1, 530, 5800.00),
(106, 77, '2023-04-20 18:19:46', 1, 0, 280.00),
(107, 1, '2023-04-21 06:45:36', 1, 0, 280.00),
(108, 78, '2023-04-21 10:45:06', 1, 20, 700.00),
(109, 1, '2023-04-21 11:09:09', 1, -20, 100.00),
(110, 79, '2023-04-21 12:37:07', 1, 25, 1000.00),
(111, 1, '2023-04-21 12:39:53', 1, 0, 599.00),
(112, 1, '2023-04-21 12:48:43', 1, 0, 120.00),
(113, 1, '2023-04-21 13:08:56', 1, 15, 300.00),
(114, 80, '2023-04-21 13:22:04', 1, 186, 3650.00),
(115, 81, '2023-04-21 13:56:14', 1, 560, 1840.00),
(116, 82, '2023-04-21 15:14:14', 1, 30, 1450.00),
(117, 47, '2023-04-21 16:25:04', 1, 70, 1950.00),
(118, 1, '2023-04-21 16:43:00', 1, 15, 300.00),
(119, 1, '2023-04-21 16:43:35', 1, 5, 310.00),
(120, 1, '2023-04-21 16:53:48', 1, -71, 151.00),
(121, 83, '2023-04-21 17:10:30', 1, 45, 980.00),
(122, 84, '2023-04-21 17:40:12', 1, 25, 600.00),
(123, 85, '2023-04-21 17:54:43', 1, 40, 900.00),
(124, 1, '2023-04-21 18:53:39', 1, 75, 880.00),
(125, 1, '2023-04-21 19:04:53', 1, -20, 100.00),
(126, 1, '2023-04-21 19:19:24', 1, 0, 300.00),
(127, 86, '2023-04-21 19:21:25', 1, 350, 4000.00),
(128, 87, '2023-04-21 19:30:45', 1, 250, 3700.00),
(129, 87, '2023-04-21 19:32:57', 1, -25, 300.00),
(130, 88, '2023-04-23 07:43:41', 1, 0, 100.00),
(131, 89, '2023-04-23 09:34:47', 1, 50, 1280.00),
(132, 1, '2023-04-23 11:33:34', 1, 0, 30.00),
(133, 90, '2023-04-23 11:47:25', 1, 5, 320.00),
(134, 91, '2023-04-23 12:48:21', 1, 0, 599.00),
(135, 1, '2023-04-23 13:59:09', 1, 0, 280.00),
(136, 1, '2023-04-23 14:09:16', 1, 0, 150.00),
(137, 1, '2023-04-23 14:09:59', 1, -10, 100.00),
(138, 1, '2023-04-23 14:23:38', 1, -5, 320.00),
(139, 1, '2023-04-23 14:27:02', 1, 0, 950.00),
(140, 92, '2023-04-23 14:57:20', 1, 136, 4630.00),
(141, 1, '2023-04-23 15:00:33', 1, 0, 200.00),
(142, 1, '2023-04-23 15:09:03', 1, 49, 550.00),
(143, 1, '2023-04-23 16:58:40', 1, 25, 530.00),
(144, 1, '2023-04-24 05:26:17', 1, 0, 200.00),
(145, 93, '2023-04-24 05:47:38', 1, 136, 3700.00),
(146, 94, '2023-04-24 08:48:44', 1, 30, 1300.00),
(147, 1, '2023-04-24 09:17:39', 1, -20, 300.00),
(148, 95, '2023-04-24 10:17:08', 1, 4600, 11900.00),
(149, 96, '2023-04-24 11:14:18', 1, 53, 6200.00),
(150, 1, '2023-04-24 11:24:24', 1, 0, 300.00),
(151, 97, '2023-04-24 11:41:15', 1, 120, 3300.00),
(152, 1, '2023-04-24 11:54:22', 1, 0, 100.00),
(153, 14, '2023-04-24 12:19:04', 1, 0, 300.00),
(154, 1, '2023-04-24 12:26:27', 1, 0, 300.00),
(155, 98, '2023-04-24 12:27:50', 1, 0, 2500.00),
(156, 99, '2023-04-24 13:54:53', 1, 550, 8300.00),
(157, 100, '2023-04-24 14:04:30', 1, 700, 2300.00),
(158, 3, '2023-04-24 14:06:57', 1, 100, 1600.00),
(159, 1, '2023-04-24 14:08:41', 1, 0, 599.00),
(160, 1, '2023-04-24 14:20:16', 1, 0, 599.00),
(161, 1, '2023-04-24 14:41:28', 1, 0, 150.00),
(162, 1, '2023-04-24 14:50:03', 1, -3, 602.00),
(163, 1, '2023-04-24 14:54:23', 1, 24, 850.00),
(164, 1, '2023-04-24 15:15:23', 1, 0, 210.00),
(165, 1, '2023-04-24 15:44:42', 1, -20, 300.00),
(166, 1, '2023-04-24 16:03:16', 2, -1, 600.00),
(167, 1, '2023-04-24 16:05:50', 1, 20, 700.00),
(168, 101, '2023-04-24 16:35:22', 1, 136, 3400.00),
(169, 102, '2023-04-24 16:41:31', 1, 90, 1020.00),
(170, 1, '2023-04-24 16:52:06', 1, 0, 150.00),
(171, 1, '2023-04-24 17:23:02', 1, 5, 310.00),
(172, 103, '2023-04-25 05:12:54', 1, 25, 600.00),
(173, 1, '2023-04-25 05:36:36', 1, 0, 30.00),
(174, 104, '2023-04-25 06:36:51', 1, 700, 12850.00),
(175, 1, '2023-04-25 07:31:55', 1, -20, 100.00),
(176, 1, '2023-04-25 07:44:11', 1, 0, 800.00),
(177, 1, '2023-04-25 09:01:30', 1, -70, 280.00),
(178, 1, '2023-04-25 09:28:19', 1, 0, 150.00),
(179, 105, '2023-04-25 10:07:04', 1, 136, 3950.00),
(180, 106, '2023-04-25 10:13:07', 1, 300, 11200.00),
(181, 105, '2023-04-25 10:18:23', 1, 0, 900.00),
(182, 1, '2023-04-25 11:40:03', 1, 0, 600.00),
(183, 1, '2023-04-25 12:06:57', 1, 0, 599.00),
(184, 107, '2023-04-25 12:35:22', 1, 186, 3750.00),
(185, 108, '2023-04-25 13:05:00', 1, 0, 4650.00),
(186, 1, '2023-04-25 13:24:41', 1, -10, 220.00),
(187, 1, '2023-04-25 13:38:20', 1, 0, 150.00),
(188, 1, '2023-04-25 13:40:56', 1, 10, 50.00),
(189, 1, '2023-04-25 14:32:24', 1, 0, 150.00),
(190, 1, '2023-04-25 14:33:28', 1, -10, 100.00),
(191, 109, '2023-04-25 14:47:51', 1, 270, 4900.00),
(192, 1, '2023-04-25 14:54:39', 1, 0, 200.00),
(193, 110, '2023-04-25 15:07:48', 1, 20, 700.00),
(194, 1, '2023-04-25 15:09:09', 1, 24, 600.50),
(195, 111, '2023-04-25 16:05:08', 1, 0, 599.00),
(196, 1, '2023-04-25 16:06:16', 1, 24, 600.50),
(197, 112, '2023-04-25 16:08:27', 2, 0, 7340.00),
(198, 112, '2023-04-25 16:09:07', 1, 190, 7150.00),
(199, 1, '2023-04-25 16:22:05', 1, -5, 320.00),
(200, 113, '2023-04-25 17:31:52', 1, 264, 6250.00),
(201, 1, '2023-04-25 17:45:33', 1, 55, 900.00),
(202, 1, '2023-04-26 05:47:49', 1, 25, 600.00),
(203, 114, '2023-04-26 06:54:35', 1, 181, 5100.00),
(204, 115, '2023-04-26 07:59:28', 1, 0, 1200.00),
(205, 116, '2023-04-26 09:06:12', 1, 0, 275.00),
(206, 1, '2023-04-26 10:40:40', 1, 0, 600.00),
(207, 1, '2023-04-26 10:45:36', 1, 0, 150.00),
(208, 1, '2023-04-26 10:46:01', 1, 0, 225.00),
(209, 117, '2023-04-26 12:16:56', 1, 1140, 5520.00),
(210, 118, '2023-04-26 12:52:10', 1, 645, 10200.00),
(211, 119, '2023-04-26 13:36:51', 1, 20, 700.00),
(212, 120, '2023-04-26 14:38:17', 1, 0, 2000.00),
(213, 1, '2023-04-26 14:39:48', 1, 0, 150.00),
(214, 42, '2023-04-26 14:49:18', 2, -325, 3400.00),
(215, 1, '2023-04-26 14:55:04', 1, 0, 900.00),
(216, 1, '2023-04-26 15:10:11', 1, 40, 700.00),
(217, 121, '2023-04-26 15:46:10', 1, 40, 900.00),
(218, 1, '2023-04-26 15:54:10', 1, 20, 700.00),
(219, 42, '2023-04-26 17:46:19', 1, -325, 3400.00),
(220, 1, '2023-04-27 05:11:36', 1, 0, 200.00),
(221, 122, '2023-04-27 05:51:06', 1, 30, 1300.00),
(222, 122, '2023-04-27 05:53:58', 1, 0, 250.00),
(223, 77, '2023-04-27 07:25:03', 1, 0, 100.00),
(224, 123, '2023-04-27 08:20:28', 1, 80, 1250.00),
(225, 1, '2023-04-27 10:13:14', 1, 0, 100.00),
(226, 124, '2023-04-27 11:08:16', 1, 86, 3450.00),
(227, 125, '2023-04-27 11:35:06', 1, 130, 14350.00),
(228, 1, '2023-04-27 11:40:51', 1, 0, 450.00),
(229, 100, '2023-04-27 12:32:34', 1, 350, 1150.00),
(230, 126, '2023-04-27 13:04:36', 1, 165, 7250.00),
(231, 127, '2023-04-27 13:54:16', 1, 3, 1050.00),
(232, 128, '2023-04-27 13:55:50', 1, 86, 3750.00),
(233, 129, '2023-04-27 15:12:54', 1, 195, 5400.00),
(234, 1, '2023-04-27 17:18:12', 1, -5, 320.00),
(235, 130, '2023-04-27 17:29:46', 1, 40, 900.00),
(236, 1, '2023-04-27 17:42:26', 1, 50, 450.00),
(237, 1, '2023-04-27 18:02:44', 1, 0, 500.00),
(238, 1, '2023-04-27 18:12:42', 1, 50, 500.00),
(239, 131, '2023-04-27 18:16:10', 1, 20, 700.00),
(240, 1, '2023-04-27 18:23:23', 1, 62, 550.00),
(241, 1, '2023-04-28 05:16:20', 1, 0, 100.00),
(242, 81, '2023-04-28 08:37:50', 1, 280, 920.00),
(243, 1, '2023-04-28 08:40:03', 1, -15, 285.00),
(244, 1, '2023-04-28 09:36:46', 1, 20, 700.00),
(245, 1, '2023-04-28 10:34:46', 1, 0, 150.00),
(246, 1, '2023-04-28 11:15:11', 1, -5, 320.00),
(247, 1, '2023-04-28 11:21:31', 1, 100, 900.00),
(248, 81, '2023-04-28 12:40:55', 1, 560, 1840.00),
(249, 1, '2023-04-28 13:01:45', 1, 0, 300.00),
(250, 1, '2023-04-28 13:05:11', 1, 0, 200.00),
(251, 1, '2023-04-28 14:01:43', 1, 195, 4900.00),
(252, 132, '2023-04-28 14:09:44', 1, 1500, 4500.00),
(253, 133, '2023-04-28 14:14:20', 1, 0, 400.00),
(254, 1, '2023-04-28 15:07:35', 1, -65, 450.00),
(255, 131, '2023-04-28 15:11:27', 1, 9, 530.00),
(256, 136, '2023-04-28 15:50:47', 1, 315, 6850.00),
(257, 138, '2023-04-28 15:53:26', 1, 70, 7900.00),
(258, 136, '2023-04-28 16:16:45', 1, 345, 7350.00),
(259, 1, '2023-04-28 16:28:00', 1, 0, 400.00),
(260, 139, '2023-04-28 16:31:26', 1, 40, 700.00),
(261, 1, '2023-04-28 17:04:21', 1, 25, 600.00),
(262, 140, '2023-04-28 17:45:14', 1, 25, 600.00),
(263, 141, '2023-04-28 17:56:43', 1, 236, 3750.00),
(264, 142, '2023-04-29 06:43:38', 1, 3, 1050.00),
(265, 143, '2023-04-29 06:54:28', 1, 0, 650.00),
(266, 64, '2023-04-29 06:58:43', 1, 0, 450.00),
(267, 1, '2023-04-29 07:01:03', 1, 0, 100.00),
(268, 1, '2023-04-29 08:03:22', 1, 186, 3100.00),
(269, 1, '2023-04-29 08:04:56', 1, 0, 1650.00),
(270, 1, '2023-04-29 08:15:01', 1, 0, 200.00),
(271, 1, '2023-04-29 10:17:39', 1, 25, 1000.00),
(272, 1, '2023-04-29 10:28:39', 1, 5, 450.00),
(273, 1, '2023-04-29 11:08:23', 1, 2, 3650.00),
(274, 144, '2023-04-29 11:46:17', 1, 100, 4200.00),
(275, 146, '2023-04-29 13:25:41', 1, 32, 580.00),
(276, 1, '2023-04-29 13:27:45', 1, 0, 100.00),
(277, 147, '2023-04-29 15:08:13', 1, 109, 3300.00),
(278, 148, '2023-04-29 15:23:08', 1, 12, 4450.00),
(279, 1, '2023-04-29 15:35:59', 1, 19, 580.00),
(280, 81, '2023-04-29 15:37:06', 1, 100, 1600.00),
(281, 1, '2023-04-29 15:37:37', 1, 0, 450.00),
(282, 140, '2023-04-29 16:10:48', 1, 335, 9400.00),
(283, 150, '2023-04-29 17:22:50', 1, 20, 700.00),
(284, 100, '2023-04-30 04:36:12', 1, 280, 920.00),
(285, 151, '2023-04-30 06:13:12', 1, 0, 350.00),
(286, 1, '2023-04-30 06:57:21', 1, 0, 600.00),
(287, 1, '2023-04-30 06:58:07', 1, 0, 500.00),
(288, 1, '2023-04-30 07:12:21', 1, 0, 100.00),
(289, 1, '2023-04-30 07:17:33', 1, 0, 150.00),
(290, 1, '2023-04-30 07:34:19', 1, 0, 450.00),
(291, 1, '2023-04-30 08:08:41', 1, 0, 390.00),
(292, 1, '2023-04-30 08:09:26', 1, 0, 150.00),
(293, 1, '2023-04-30 08:11:14', 1, 0, 650.00),
(294, 1, '2023-04-30 10:11:49', 1, 20, 700.00),
(295, 1, '2023-04-30 11:27:49', 1, 0, 350.00),
(296, 1, '2023-04-30 11:30:38', 1, 0, 350.00),
(297, 1, '2023-04-30 11:32:21', 1, 0, 599.00),
(298, 1, '2023-04-30 11:32:47', 1, 0, 500.00),
(299, 1, '2023-04-30 11:42:53', 1, 86, 3800.00),
(300, 153, '2023-04-30 12:16:14', 1, 485, 9250.00),
(301, 154, '2023-04-30 12:58:17', 1, 20, 700.00),
(302, 1, '2023-04-30 13:33:28', 1, 60, 2050.00),
(303, 1, '2023-04-30 13:34:08', 1, 40, 900.00),
(304, 1, '2023-04-30 13:43:14', 1, 0, 150.00),
(305, 1, '2023-04-30 13:43:40', 1, 0, 350.00),
(306, 155, '2023-04-30 13:48:00', 1, 270, 5150.00),
(307, 1, '2023-04-30 14:02:44', 1, 0, 315.00),
(308, 1, '2023-04-30 14:14:00', 1, 0, 315.00),
(309, 1, '2023-04-30 15:05:35', 1, 40, 900.00),
(310, 1, '2023-04-30 15:27:04', 1, 20, 700.00),
(311, 156, '2023-04-30 16:20:52', 1, 0, 1300.00),
(312, 1, '2023-04-30 16:25:24', 1, 0, 250.00),
(313, 132, '2023-05-01 05:35:29', 1, 1500, 4500.00),
(314, 68, '2023-05-01 05:53:51', 1, 0, 599.00),
(315, 1, '2023-05-01 08:01:40', 1, 0, 455.00),
(316, 1, '2023-05-01 08:46:55', 1, 0, 450.00),
(317, 1, '2023-05-01 09:57:06', 1, 0, 300.00),
(318, 42, '2023-05-01 10:09:12', 1, 295, 4400.00),
(319, 1, '2023-05-01 10:37:58', 1, 40, 900.00),
(320, 1, '2023-05-01 11:00:22', 1, 0, 455.00),
(321, 158, '2023-05-01 11:01:23', 1, 60, 1800.00),
(322, 129, '2023-05-01 11:02:34', 1, 0, 599.00),
(323, 1, '2023-05-01 11:43:55', 1, 0, 200.00),
(324, 1, '2023-05-01 11:48:04', 1, 0, 550.00),
(325, 1, '2023-05-01 12:06:10', 1, 0, 450.00),
(326, 1, '2023-05-01 12:23:11', 1, 99, 6300.00),
(327, 160, '2023-05-01 12:46:48', 1, 270, 5150.00),
(328, 1, '2023-05-01 13:26:07', 1, 0, 230.00),
(329, 1, '2023-05-01 14:29:44', 1, 0, 100.00),
(330, 1, '2023-05-01 14:52:52', 1, -5, 320.00),
(331, 3, '2023-05-01 15:04:00', 1, 75, 1200.00),
(332, 161, '2023-05-01 15:16:34', 1, 40, 1400.00),
(333, 162, '2023-05-01 17:17:23', 1, 5, 950.00),
(334, 1, '2023-05-02 04:01:53', 1, 0, 200.00),
(335, 1, '2023-05-02 04:27:11', 1, 0, 100.00),
(336, 1, '2023-05-02 04:45:31', 1, 0, 599.00),
(337, 1, '2023-05-02 04:46:48', 1, 0, 455.00),
(338, 1, '2023-05-02 12:10:31', 1, 60, 1800.00),
(339, 1, '2023-05-02 12:11:18', 1, 30, 1300.00),
(340, 1, '2023-05-02 12:11:43', 1, 40, 900.00),
(341, 1, '2023-05-02 12:12:14', 1, 0, 100.00),
(342, 1, '2023-05-02 12:12:48', 1, 0, 40.00),
(343, 1, '2023-05-02 12:13:13', 1, 0, 380.00),
(344, 3, '2023-05-02 13:44:17', 1, 59, 3700.00),
(345, 1, '2023-05-02 13:45:42', 1, 86, 3450.00),
(346, 1, '2023-05-02 13:51:45', 1, 0, 400.00),
(347, 1, '2023-05-02 14:29:15', 1, 0, 350.00),
(348, 1, '2023-05-02 14:32:38', 1, 0, 595.00),
(349, 1, '2023-05-02 15:46:13', 1, 0, 280.00),
(350, 1, '2023-05-02 15:48:39', 1, 25, 600.00),
(351, 1, '2023-05-02 15:51:48', 1, 0, 280.00),
(352, 1, '2023-05-02 16:11:27', 1, 0, 450.00),
(353, 1, '2023-05-02 16:12:30', 1, 0, 450.00),
(354, 163, '2023-05-02 16:51:10', 1, 20, 700.00),
(355, 164, '2023-05-02 17:22:00', 1, 40, 900.00),
(356, 1, '2023-05-03 04:01:13', 1, 0, 160.00),
(357, 165, '2023-05-03 06:13:29', 1, 0, 6500.00),
(358, 132, '2023-05-03 07:00:48', 1, 800, 2200.00),
(359, 166, '2023-05-03 07:02:13', 1, 1100, 2900.00),
(360, 1, '2023-05-03 07:08:34', 1, 25, 1000.00),
(361, 1, '2023-05-03 07:37:33', 1, 0, 100.00),
(362, 1, '2023-05-03 11:05:13', 1, 0, 200.00),
(363, 169, '2023-05-03 13:28:12', 1, 0, 400.00),
(364, 1, '2023-05-03 14:08:26', 1, 5, 450.00),
(365, 1, '2023-05-03 14:13:18', 1, 0, 600.00),
(366, 1, '2023-05-03 14:35:55', 1, 0, 599.00),
(367, 1, '2023-05-03 14:47:54', 1, 225, 3000.00),
(368, 1, '2023-05-03 14:55:22', 1, 195, 5800.00),
(369, 1, '2023-05-03 15:14:34', 1, 0, 300.00),
(370, 1, '2023-05-03 15:51:00', 1, 0, 60.00),
(371, 1, '2023-05-03 16:30:01', 1, 30, 1300.00),
(372, 1, '2023-05-03 16:30:20', 1, 0, 350.00),
(373, 1, '2023-05-03 16:35:20', 1, 0, 900.00),
(374, 1, '2023-05-03 16:53:08', 2, 200, 1800.00),
(375, 1, '2023-05-03 17:11:09', 1, 100, 900.00),
(376, 170, '2023-05-03 18:19:18', 1, 60, 1800.00),
(377, 1, '2023-05-03 18:20:20', 1, 0, 450.00),
(378, 171, '2023-05-04 07:14:44', 1, 15, 540.00),
(379, 1, '2023-05-04 07:57:01', 1, 0, 200.00),
(380, 1, '2023-05-04 11:25:50', 1, 50, 350.00),
(381, 1, '2023-05-04 13:23:02', 1, 15, 300.00),
(382, 1, '2023-05-04 14:10:33', 1, 0, 400.00),
(383, 172, '2023-05-04 14:27:36', 1, 2200, 5800.00),
(384, 1, '2023-05-04 14:39:33', 1, 30, 1550.00),
(385, 1, '2023-05-04 14:54:17', 1, 0, 495.00),
(386, 1, '2023-05-04 15:11:22', 1, 0, 300.00),
(387, 1, '2023-05-04 15:34:50', 1, 20, 700.00),
(388, 1, '2023-05-04 15:38:06', 1, 30, 850.00),
(389, 1, '2023-05-04 15:41:16', 1, 186, 3350.00),
(390, 1, '2023-05-04 15:53:50', 1, 30, 1300.00),
(391, 1, '2023-05-04 15:56:22', 1, 0, 550.00),
(392, 1, '2023-05-04 16:03:36', 1, 15, 300.00),
(393, 1, '2023-05-04 16:04:14', 1, 0, 280.00),
(394, 1, '2023-05-04 16:12:31', 1, 0, 15900.00),
(395, 1, '2023-05-04 16:31:17', 1, 0, 300.00),
(396, 132, '2023-05-04 17:47:04', 1, 1520, 4180.00),
(397, 1, '2023-05-04 17:49:50', 1, 0, 350.00),
(398, 1, '2023-05-04 18:26:03', 1, 0, 599.00),
(399, 1, '2023-05-04 18:29:00', 1, 0, 450.00),
(400, 1, '2023-05-04 18:38:03', 1, 270, 5450.00),
(401, 173, '2023-05-04 18:57:51', 1, 225, 3250.00),
(402, 1, '2023-05-05 06:34:34', 1, 0, 280.00),
(403, 1, '2023-05-05 06:48:18', 1, 0, 550.00),
(404, 1, '2023-05-05 07:02:48', 1, 0, 100.00),
(405, 1, '2023-05-05 08:52:22', 1, 15, 540.00),
(406, 1, '2023-05-05 09:38:27', 1, 0, 400.00),
(407, 1, '2023-05-05 09:49:33', 1, 0, 280.00),
(408, 174, '2023-05-05 10:37:36', 1, 390, 7099.00),
(409, 175, '2023-05-05 10:39:29', 1, 20, 3700.00),
(410, 1, '2023-05-05 10:45:28', 1, 130, 5850.00),
(411, 33, '2023-05-05 11:09:33', 1, 50, 4400.00),
(412, 177, '2023-05-05 11:13:47', 1, 112, 4750.00),
(413, 1, '2023-05-05 11:36:18', 1, 0, 400.00),
(414, 1, '2023-05-05 11:52:39', 1, 0, 200.00),
(415, 1, '2023-05-05 12:26:10', 1, 5, 220.00),
(416, 1, '2023-05-05 13:23:04', 1, 0, 400.00),
(417, 1, '2023-05-05 13:25:57', 1, 0, 700.00),
(418, 1, '2023-05-05 13:36:52', 1, 0, 200.00),
(419, 1, '2023-05-05 13:42:53', 1, 285, 7000.00),
(420, 1, '2023-05-05 13:51:42', 1, 585, 8200.00),
(421, 1, '2023-05-05 13:53:49', 1, 250, 850.00),
(422, 1, '2023-05-05 14:16:17', 1, 0, 800.00),
(423, 1, '2023-05-05 14:17:18', 1, 0, 1150.00),
(424, 1, '2023-05-05 14:34:17', 1, 0, 600.00),
(425, 1, '2023-05-05 14:38:23', 1, 0, 599.00),
(426, 1, '2023-05-05 14:41:55', 1, 20, 700.00),
(427, 1, '2023-05-05 14:42:16', 1, 0, 60.00),
(428, 1, '2023-05-05 14:57:14', 1, 30, 0.00),
(429, 1, '2023-05-05 14:58:14', 1, 350, 0.00),
(430, 1, '2023-05-05 15:19:45', 1, 0, 350.00),
(431, 1, '2023-05-05 15:22:29', 1, 35, 520.00),
(432, 1, '2023-05-05 15:43:46', 1, 0, 350.00),
(433, 1, '2023-05-05 16:26:38', 1, 0, 275.00),
(434, 1, '2023-05-05 16:37:37', 1, 25, 1150.00),
(435, 1, '2023-05-05 16:46:55', 1, 25, 600.00),
(436, 1, '2023-05-05 16:53:57', 1, 0, 280.00),
(437, 1, '2023-05-05 17:07:02', 1, -2, 601.00),
(438, 1, '2023-05-06 05:27:00', 1, 20, 700.00),
(439, 1, '2023-05-06 05:31:02', 1, 1500, 4500.00),
(440, 1, '2023-05-06 06:23:50', 1, 0, 100.00),
(441, 1, '2023-05-06 06:59:56', 1, 0, 150.00),
(442, 1, '2023-05-06 07:19:56', 1, 0, 9735.00),
(443, 178, '2023-05-06 08:54:20', 1, 40, 6800.00),
(444, 1, '2023-05-06 08:57:22', 1, 20, 700.00),
(445, 1, '2023-05-06 09:02:18', 1, 0, 60.00),
(446, 1, '2023-05-06 09:06:29', 1, 0, 450.00),
(447, 179, '2023-05-06 10:54:53', 1, 240, 7850.00),
(448, 1, '2023-05-06 11:23:47', 1, 0, 2200.00),
(449, 1, '2023-05-06 11:25:23', 1, 59, 3350.00),
(450, 1, '2023-05-06 11:26:39', 1, 0, 400.00),
(451, 181, '2023-05-06 11:43:56', 1, 264, 6200.00),
(452, 1, '2023-05-06 11:52:25', 1, 0, 800.00),
(453, 182, '2023-05-06 12:52:26', 1, 217, 4850.00),
(454, 1, '2023-05-06 13:12:29', 1, 0, 430.00),
(455, 1, '2023-05-06 13:38:59', 1, 0, 350.00),
(456, 1, '2023-05-06 13:39:30', 1, 40, 900.00),
(457, 183, '2023-05-06 13:44:47', 1, 224, 8950.00),
(458, 1, '2023-05-06 13:46:12', 1, 0, 500.00),
(459, 1, '2023-05-06 13:54:35', 1, 0, 280.00),
(460, 1, '2023-05-06 14:15:22', 1, 24, 850.00),
(461, 1, '2023-05-06 14:16:19', 1, 48, 1700.00),
(462, 184, '2023-05-06 14:57:49', 1, 750, 2250.00),
(463, 1, '2023-05-06 15:21:22', 1, 0, 2160.00),
(464, 1, '2023-05-06 15:22:48', 1, 20, 1155.00),
(465, 1, '2023-05-06 15:30:18', 1, 0, 300.00),
(466, 1, '2023-05-06 15:44:16', 1, 600, 1800.00),
(467, 1, '2023-05-06 15:52:24', 1, 3, 1050.00),
(468, 1, '2023-05-06 15:54:45', 1, 0, 290.00),
(469, 1, '2023-05-06 16:23:08', 1, 170, 5300.00),
(470, 185, '2023-05-06 16:48:12', 1, 195, 4900.00),
(471, 1, '2023-05-06 17:09:49', 1, 12, 4500.00),
(472, 1, '2023-05-07 05:45:02', 1, 1000, 3000.00),
(473, 1, '2023-05-07 06:16:21', 1, 300, 4250.00),
(474, 1, '2023-05-07 06:22:55', 1, 0, 225.00),
(475, 5, '2023-05-07 06:50:09', 1, 24, 850.00),
(476, 1, '2023-05-07 06:53:36', 1, 225, 3250.00),
(477, 1, '2023-05-07 07:30:18', 1, 0, 280.00),
(478, 1, '2023-05-07 07:52:49', 1, 20, 700.00),
(479, 1, '2023-05-07 07:55:51', 1, 35, 520.00),
(480, 1, '2023-05-07 08:50:10', 1, 0, 200.00),
(481, 1, '2023-05-07 08:52:11', 1, 5, 950.00),
(482, 129, '2023-05-07 09:26:18', 1, 60, 1950.00),
(483, 1, '2023-05-07 09:45:09', 1, 490, 7200.00),
(484, 1, '2023-05-07 09:47:09', 1, 20, 700.00),
(485, 1, '2023-05-07 09:54:47', 1, 0, 315.00),
(486, 1, '2023-05-07 10:23:55', 1, 0, 300.00),
(487, 188, '2023-05-07 11:06:08', 1, 225, 4050.00),
(488, 1, '2023-05-07 11:31:26', 1, 4, 1490.00),
(489, 1, '2023-05-07 11:34:13', 1, 30, 1300.00),
(490, 1, '2023-05-07 11:37:26', 1, 200, 3750.00),
(491, 1, '2023-05-07 11:41:41', 1, 40, 900.00),
(492, 1, '2023-05-07 11:56:19', 1, 0, 350.00),
(493, 1, '2023-05-07 12:31:04', 1, 149, 6200.00),
(494, 1, '2023-05-07 12:38:06', 1, 125, 3250.00),
(495, 1, '2023-05-07 12:41:53', 1, 24, 850.00),
(496, 184, '2023-05-07 13:32:39', 1, 750, 2250.00),
(497, 189, '2023-05-07 13:41:40', 1, 5, 3050.00),
(498, 190, '2023-05-07 13:44:17', 1, 0, 405.00),
(499, 1, '2023-05-07 13:51:19', 1, 0, 100.00),
(500, 1, '2023-05-07 13:58:41', 1, 0, 450.00),
(501, 1, '2023-05-07 14:58:57', 1, 0, 675.00),
(502, 191, '2023-05-07 15:02:05', 1, 0, 800.00),
(503, 1, '2023-05-07 15:27:16', 1, 0, 300.00),
(504, 1, '2023-05-07 15:30:46', 1, 0, 280.00),
(505, 1, '2023-05-07 15:39:49', 1, -5, 320.00),
(506, 1, '2023-05-07 16:05:19', 1, 0, 315.00),
(507, 1, '2023-05-07 16:58:54', 1, 0, 400.00),
(508, 1, '2023-05-07 17:10:51', 1, 0, 280.00),
(509, 1, '2023-05-07 18:04:05', 1, 0, 280.00),
(510, 1, '2023-05-08 05:27:43', 1, 30, 1300.00),
(511, 192, '2023-05-08 06:23:06', 1, 0, 325.00),
(512, 132, '2023-05-08 06:51:24', 1, 1500, 4500.00),
(513, 1, '2023-05-08 07:07:08', 1, 800, 2200.00),
(514, 1, '2023-05-08 07:07:57', 1, 0, 100.00),
(515, 193, '2023-05-08 07:21:17', 1, 5, 950.00),
(516, 1, '2023-05-08 07:38:44', 1, 0, 450.00),
(517, 1, '2023-05-08 07:53:21', 1, 0, 280.00),
(518, 1, '2023-05-08 09:28:11', 1, 0, 90.00),
(519, 1, '2023-05-08 11:26:13', 1, 0, 40.00),
(520, 1, '2023-05-08 11:35:35', 1, 0, 90.00),
(521, 1, '2023-05-08 11:41:01', 1, 0, 150.00),
(522, 1, '2023-05-08 12:48:43', 1, 25, 600.00),
(523, 1, '2023-05-08 13:17:58', 2, 0, 10780.00),
(524, 1, '2023-05-08 13:19:57', 1, 485, 10295.00),
(525, 1, '2023-05-08 13:27:20', 1, 0, 200.00),
(526, 1, '2023-05-08 14:04:05', 1, 30, 1300.00),
(527, 1, '2023-05-08 14:22:22', 1, 0, 650.00),
(528, 1, '2023-05-08 15:11:30', 1, 30, 850.00),
(529, 1, '2023-05-08 15:51:07', 1, 300, 900.00),
(530, 1, '2023-05-08 15:53:53', 1, 0, 100.00),
(531, 1, '2023-05-08 17:05:59', 1, 0, 455.00),
(532, 1, '2023-05-08 17:29:39', 1, 149, 6750.00),
(533, 1, '2023-05-08 17:36:06', 1, 0, 1250.00),
(534, 1, '2023-05-08 17:37:02', 1, 0, 300.00),
(535, 1, '2023-05-08 17:42:08', 1, 30, 1300.00),
(536, 1, '2023-05-08 17:58:32', 1, 0, 600.00),
(537, 1, '2023-05-09 06:32:27', 1, 30, 1300.00),
(538, 1, '2023-05-09 06:55:54', 1, 25, 600.00),
(539, 1, '2023-05-09 08:10:40', 2, 50, 1280.00),
(540, 1, '2023-05-09 08:58:47', 1, 0, 450.00),
(541, 1, '2023-05-09 10:34:11', 1, 60, 1800.00),
(542, 1, '2023-05-09 13:13:59', 1, 25, 600.00),
(543, 1, '2023-05-09 13:15:43', 1, 5, 220.00),
(544, 1, '2023-05-09 13:16:02', 1, 50, 350.00),
(545, 1, '2023-05-09 13:27:50', 1, 28, 600.00),
(546, 1, '2023-05-09 13:39:38', 1, -5, 320.00),
(547, 1, '2023-05-09 13:45:23', 1, 0, 400.00),
(548, 194, '2023-05-09 14:22:51', 1, 240, 6900.00),
(549, 1, '2023-05-09 14:24:19', 1, 750, 2250.00),
(550, 1, '2023-05-09 15:06:41', 1, 0, 100.00),
(551, 1, '2023-05-09 15:47:54', 1, 20, 700.00),
(552, 1, '2023-05-09 15:50:37', 1, 0, 350.00),
(553, 1, '2023-05-09 15:51:19', 1, 0, 350.00),
(554, 1, '2023-05-09 15:55:31', 1, 0, 450.00),
(555, 1, '2023-05-09 16:15:06', 1, 204, 4900.00),
(556, 1, '2023-05-09 16:17:14', 1, 10, 1300.00),
(557, 132, '2023-05-09 16:22:54', 1, 850, 2550.00),
(558, 1, '2023-05-09 16:53:12', 1, 0, 385.00),
(559, 195, '2023-05-09 16:54:40', 1, 204, 4200.00),
(560, 1, '2023-05-09 16:55:31', 1, 28, 600.00),
(561, 1, '2023-05-09 17:06:18', 1, 0, 30.00),
(562, 196, '2023-05-09 17:14:28', 1, 100, 500.00),
(563, 197, '2023-05-09 17:15:32', 1, 50, 1051.00),
(564, 184, '2023-05-10 07:29:55', 1, 750, 2250.00),
(565, 198, '2023-05-10 08:22:16', 1, 200, 3500.00),
(566, 199, '2023-05-10 09:01:05', 1, 0, 315.00),
(567, 200, '2023-05-10 09:02:48', 1, 0, 400.00),
(568, 207, '2023-12-15 14:33:00', 1, 0, 700.00),
(569, 207, '2023-12-15 15:06:00', 1, 200, 1200.00),
(570, 207, '2023-12-15 15:11:00', 1, 0, 700.00),
(571, 207, '2023-12-18 06:48:00', 2, 0, 0.00),
(572, 207, '2023-12-18 09:05:00', 1, 0, 720.25),
(573, 207, '2023-12-18 09:10:00', 2, 0, 15675.00);

-- --------------------------------------------------------

--
-- Table structure for table `order_product`
--

CREATE TABLE `order_product` (
  `id` int(11) NOT NULL,
  `order_id` int(11) NOT NULL,
  `product_id` int(11) NOT NULL,
  `batch_id` int(11) NOT NULL,
  `unit_price` float(10,2) NOT NULL,
  `quantity` float(6,2) NOT NULL
) ENGINE=InnoDB DEFAULT CHARSET=latin1;

--
-- Dumping data for table `order_product`
--

INSERT INTO `order_product` (`id`, `order_id`, `product_id`, `batch_id`, `unit_price`, `quantity`) VALUES
(1, 1, 79, 35, 1025.00, 1.00),
(2, 2, 621, 7, 6890.00, 1.00),
(3, 2, 1026, 113, 450.00, 1.00),
(4, 2, 1037, 122, 250.00, 1.00),
(5, 3, 1076, 156, 1200.00, 1.00),
(6, 3, 1091, 194, 850.00, 14.00),
(7, 3, 1077, 157, 450.00, 1.00),
(8, 4, 1092, 195, 539.00, 1.00),
(9, 5, 1095, 198, 874.00, 1.00),
(10, 6, 79, 35, 1025.00, 1.00),
(11, 7, 25, 19, 1053.00, 1.00),
(12, 8, 993, 166, 450.00, 1.00),
(13, 9, 115, 50, 555.00, 1.00),
(14, 10, 394, 10, 624.50, 1.00),
(15, 11, 1023, 109, 300.00, 1.00),
(16, 12, 1053, 136, 350.00, 1.00),
(17, 12, 1024, 110, 450.00, 1.00),
(18, 13, 131, 57, 30.00, 3.00),
(19, 14, 73, 75, 3700.00, 1.00),
(20, 14, 1037, 122, 250.00, 1.00),
(23, 16, 394, 10, 624.50, 1.00),
(26, 18, 77, 37, 1330.00, 1.00),
(27, 18, 1087, 190, 150.00, 1.00),
(28, 19, 77, 37, 1330.00, 1.00),
(29, 20, 1089, 192, 400.00, 2.00),
(30, 21, 115, 50, 555.00, 1.00),
(31, 22, 1037, 122, 250.00, 2.00),
(32, 22, 1040, 124, 300.00, 2.00),
(33, 23, 131, 57, 30.00, 1.00),
(34, 24, 68, 9, 5730.00, 1.00),
(35, 24, 1037, 122, 250.00, 1.00),
(36, 24, 596, 95, 450.00, 1.00),
(37, 25, 468, 38, 1860.00, 1.00),
(38, 25, 1087, 190, 150.00, 1.00),
(39, 26, 25, 19, 1053.00, 1.00),
(40, 27, 525, 18, 599.00, 1.00),
(41, 28, 1089, 192, 400.00, 0.50),
(42, 29, 1095, 198, 874.00, 1.00),
(43, 30, 85, 60, 1710.00, 1.00),
(44, 31, 49, 11, 1129.00, 1.00),
(45, 31, 990, 174, 400.00, 1.00),
(46, 32, 993, 166, 450.00, 1.00),
(47, 33, 1089, 192, 400.00, 0.70),
(48, 34, 1089, 192, 400.00, 0.70),
(49, 35, 1092, 195, 539.00, 1.00),
(50, 36, 1098, 202, 450.00, 0.70),
(51, 37, 48, 12, 3286.00, 1.00),
(52, 37, 1037, 122, 250.00, 1.00),
(53, 37, 1006, 183, 450.00, 1.00),
(54, 38, 1089, 192, 400.00, 0.50),
(55, 39, 1088, 191, 300.00, 0.30),
(56, 40, 1098, 202, 450.00, 0.70),
(57, 41, 1098, 202, 450.00, 0.70),
(60, 43, 48, 12, 3286.00, 1.00),
(61, 44, 1082, 178, 450.00, 1.00),
(62, 45, 1003, 96, 450.00, 1.00),
(64, 47, 464, 14, 4581.00, 1.00),
(65, 47, 1041, 182, 300.00, 1.00),
(66, 47, 1027, 114, 350.00, 1.00),
(67, 47, 1057, 140, 350.00, 1.00),
(68, 48, 525, 18, 599.00, 1.00),
(70, 50, 280, 89, 350.00, 1.00),
(71, 50, 1052, 135, 350.00, 1.00),
(73, 52, 1098, 202, 450.00, 0.70),
(74, 53, 1098, 202, 450.00, 0.70),
(75, 54, 48, 12, 3286.00, 1.00),
(76, 54, 1041, 182, 300.00, 1.00),
(77, 54, 85, 60, 1710.00, 1.00),
(78, 55, 112, 46, 2925.00, 1.00),
(79, 55, 1041, 182, 300.00, 1.00),
(80, 56, 48, 12, 3286.00, 1.00),
(81, 56, 1037, 122, 250.00, 1.00),
(82, 56, 1023, 109, 300.00, 1.00),
(83, 57, 1040, 124, 300.00, 1.00),
(84, 58, 131, 57, 30.00, 1.00),
(85, 59, 1083, 186, 955.00, 1.00),
(86, 60, 73, 75, 3700.00, 1.00),
(87, 60, 1037, 122, 250.00, 1.00),
(88, 61, 1089, 192, 400.00, 1.00),
(89, 62, 1089, 192, 400.00, 1.00),
(90, 63, 132, 72, 350.00, 1.00),
(91, 64, 525, 18, 599.00, 1.00),
(94, 66, 48, 12, 3286.00, 1.00),
(95, 66, 1037, 122, 250.00, 1.00),
(96, 67, 65, 4, 8485.00, 1.00),
(97, 67, 1049, 132, 450.00, 1.00),
(98, 68, 1088, 191, 300.00, 0.70),
(99, 69, 48, 12, 3286.00, 1.00),
(100, 69, 1037, 122, 250.00, 1.00),
(101, 69, 1023, 109, 300.00, 1.00),
(102, 71, 1098, 202, 450.00, 0.70),
(103, 72, 80, 34, 720.00, 1.00),
(104, 73, 985, 59, 500.00, 1.00),
(105, 73, 24, 20, 3159.00, 1.00),
(106, 73, 1078, 158, 300.00, 1.00),
(107, 74, 525, 18, 599.00, 1.00),
(108, 75, 49, 11, 1129.00, 1.00),
(109, 76, 1089, 192, 400.00, 0.20),
(110, 77, 525, 18, 599.00, 1.00),
(111, 78, 1083, 186, 955.00, 1.00),
(112, 79, 130, 62, 300.00, 1.00),
(113, 80, 78, 36, 940.00, 1.00),
(114, 81, 1089, 192, 400.00, 0.70),
(115, 83, 115, 50, 555.00, 1.00),
(116, 84, 993, 166, 450.00, 1.00),
(117, 85, 525, 18, 599.00, 1.00),
(118, 86, 1038, 184, 250.00, 1.00),
(119, 86, 1028, 181, 450.00, 1.00),
(120, 86, 1055, 138, 350.00, 1.00),
(121, 87, 80, 34, 720.00, 1.00),
(122, 88, 394, 10, 624.50, 1.00),
(123, 89, 1088, 191, 300.00, 0.50),
(124, 90, 1083, 186, 955.00, 1.00),
(125, 91, 78, 36, 940.00, 1.00),
(126, 92, 1089, 192, 400.00, 1.00),
(127, 93, 1100, 203, 30.00, 1.00),
(128, 94, 43, 17, 7279.00, 1.00),
(129, 94, 1049, 132, 450.00, 1.00),
(130, 94, 1052, 135, 350.00, 1.00),
(131, 95, 1007, 167, 450.00, 1.00),
(132, 96, 1098, 202, 450.00, 0.70),
(133, 97, 525, 18, 599.00, 1.00),
(134, 98, 648, 74, 1250.00, 1.00),
(135, 99, 25, 19, 1053.00, 1.00),
(136, 100, 77, 37, 1330.00, 1.00),
(137, 100, 1087, 190, 150.00, 1.00),
(138, 101, 394, 10, 624.50, 1.00),
(139, 102, 80, 34, 720.00, 1.00),
(140, 103, 78, 36, 940.00, 1.00),
(141, 104, 80, 34, 720.00, 1.00),
(142, 105, 68, 9, 5730.00, 1.00),
(143, 105, 1038, 184, 250.00, 1.00),
(144, 105, 280, 89, 350.00, 1.00),
(145, 106, 1089, 192, 400.00, 0.70),
(146, 107, 1089, 192, 400.00, 0.70),
(147, 108, 80, 34, 720.00, 1.00),
(148, 109, 1089, 192, 400.00, 0.20),
(149, 110, 79, 35, 1025.00, 1.00),
(150, 111, 525, 18, 599.00, 1.00),
(151, 112, 131, 57, 30.00, 4.00),
(152, 113, 1098, 202, 450.00, 0.70),
(153, 114, 48, 12, 3286.00, 1.00),
(154, 114, 1038, 184, 250.00, 1.00),
(155, 114, 1023, 109, 300.00, 1.00),
(156, 115, 1088, 191, 300.00, 8.00),
(157, 116, 77, 37, 1330.00, 1.00),
(158, 116, 1087, 190, 150.00, 1.00),
(159, 117, 85, 60, 1710.00, 1.00),
(160, 117, 1088, 191, 300.00, 0.20),
(161, 117, 988, 64, 250.00, 1.00),
(162, 118, 1098, 202, 450.00, 0.70),
(163, 119, 1098, 202, 450.00, 0.70),
(164, 120, 1089, 192, 400.00, 0.20),
(165, 121, 79, 35, 1025.00, 1.00),
(166, 122, 394, 10, 624.50, 1.00),
(167, 123, 78, 36, 940.00, 1.00),
(168, 124, 1083, 186, 955.00, 1.00),
(169, 125, 1089, 192, 400.00, 0.20),
(170, 126, 130, 62, 300.00, 1.00),
(171, 127, 73, 75, 3700.00, 1.00),
(172, 127, 221, 90, 350.00, 1.00),
(173, 127, 1041, 182, 300.00, 1.00),
(174, 128, 73, 75, 3700.00, 1.00),
(175, 128, 1037, 122, 250.00, 1.00),
(176, 129, 1097, 201, 550.00, 0.50),
(177, 130, 982, 163, 50.00, 2.00),
(178, 131, 77, 37, 1330.00, 1.00),
(179, 132, 131, 57, 30.00, 1.00),
(180, 134, 525, 18, 599.00, 1.00),
(181, 135, 1089, 192, 400.00, 0.70),
(182, 136, 1088, 191, 300.00, 0.50),
(183, 137, 1088, 191, 300.00, 0.30),
(184, 138, 1098, 202, 450.00, 0.70),
(185, 139, 1088, 191, 300.00, 1.00),
(186, 140, 48, 12, 3286.00, 1.00),
(187, 140, 1037, 122, 250.00, 1.00),
(188, 140, 1023, 109, 300.00, 1.00),
(189, 140, 117, 53, 900.00, 1.00),
(190, 140, 1088, 191, 300.00, 0.10),
(191, 141, 1089, 192, 400.00, 0.50),
(192, 142, 525, 18, 599.00, 1.00),
(193, 143, 115, 50, 555.00, 1.00),
(194, 144, 1089, 192, 400.00, 0.50),
(195, 145, 48, 12, 3286.00, 1.00),
(196, 145, 1037, 122, 250.00, 1.00),
(197, 145, 1096, 199, 300.00, 1.00),
(198, 146, 77, 37, 1330.00, 1.00),
(199, 147, 1089, 192, 400.00, 0.70),
(200, 148, 1088, 191, 300.00, 35.00),
(201, 148, 1089, 192, 400.00, 15.00),
(202, 149, 8, 26, 3635.00, 1.50),
(203, 149, 1042, 125, 450.00, 1.00),
(204, 149, 1047, 130, 350.00, 1.00),
(205, 150, 1088, 191, 300.00, 1.00),
(206, 151, 85, 60, 1710.00, 2.00),
(207, 152, 1103, 206, 100.00, 1.00),
(208, 153, 1096, 199, 300.00, 1.00),
(209, 154, 1023, 109, 300.00, 1.00),
(210, 155, 1037, 122, 250.00, 1.00),
(211, 155, 1023, 109, 300.00, 1.00),
(212, 156, 621, 7, 6890.00, 1.00),
(213, 156, 1040, 124, 300.00, 1.00),
(214, 156, 1052, 135, 350.00, 1.00),
(215, 156, 86, 61, 1310.00, 1.00),
(216, 157, 1088, 191, 300.00, 10.00),
(217, 158, 1091, 200, 850.00, 2.00),
(218, 159, 525, 18, 599.00, 1.00),
(219, 160, 525, 18, 599.00, 1.00),
(220, 161, 1087, 190, 150.00, 1.00),
(221, 162, 525, 18, 599.00, 1.00),
(222, 163, 1095, 198, 874.00, 1.00),
(223, 164, 1088, 191, 300.00, 0.70),
(224, 165, 1089, 192, 400.00, 0.70),
(225, 166, 525, 18, 599.00, 1.00),
(226, 167, 80, 34, 720.00, 1.00),
(227, 168, 48, 12, 3286.00, 1.00),
(228, 168, 1037, 122, 250.00, 1.00),
(229, 169, 115, 50, 555.00, 2.00),
(230, 170, 1088, 191, 300.00, 0.50),
(231, 171, 1098, 202, 450.00, 0.70),
(232, 172, 394, 10, 624.50, 1.00),
(233, 173, 131, 57, 30.00, 1.00),
(234, 174, 1091, 200, 850.00, 14.00),
(235, 174, 1076, 156, 1200.00, 1.00),
(236, 174, 1077, 157, 450.00, 1.00),
(237, 175, 1089, 192, 400.00, 0.20),
(238, 176, 1089, 192, 400.00, 2.00),
(239, 177, 1088, 191, 300.00, 0.70),
(240, 178, 1088, 191, 300.00, 0.50),
(241, 179, 48, 12, 3286.00, 1.00),
(242, 179, 1037, 122, 250.00, 1.00),
(243, 179, 1023, 109, 300.00, 1.00),
(244, 179, 986, 168, 250.00, 1.00),
(245, 180, 1104, 207, 11200.00, 1.00),
(246, 180, 130, 62, 300.00, 1.00),
(247, 181, 117, 53, 900.00, 1.00),
(248, 182, 1089, 192, 400.00, 1.50),
(249, 183, 525, 18, 599.00, 1.00),
(250, 184, 48, 12, 3286.00, 1.00),
(251, 184, 1041, 182, 300.00, 1.00),
(252, 184, 1027, 114, 350.00, 1.00),
(253, 185, 111, 47, 3900.00, 1.00),
(254, 185, 1040, 124, 300.00, 1.00),
(255, 185, 1082, 178, 450.00, 1.00),
(256, 186, 1088, 191, 300.00, 0.70),
(257, 187, 1088, 191, 300.00, 0.50),
(258, 188, 1088, 191, 300.00, 0.20),
(259, 189, 1088, 191, 300.00, 0.50),
(260, 190, 1088, 191, 300.00, 0.30),
(261, 191, 622, 8, 5170.00, 1.00),
(262, 192, 1089, 192, 400.00, 0.50),
(263, 193, 80, 34, 720.00, 1.00),
(264, 194, 394, 10, 624.50, 1.00),
(265, 195, 525, 18, 599.00, 1.00),
(266, 196, 394, 10, 624.50, 1.00),
(267, 197, 621, 7, 6890.00, 1.00),
(268, 197, 1075, 155, 450.00, 1.00),
(269, 198, 621, 7, 6890.00, 1.00),
(270, 198, 1049, 132, 450.00, 1.00),
(271, 199, 1098, 202, 450.00, 0.70),
(272, 200, 44, 16, 5464.00, 1.00),
(273, 200, 1037, 122, 250.00, 1.00),
(274, 200, 1028, 181, 450.00, 1.00),
(275, 200, 1055, 138, 350.00, 1.00),
(276, 201, 1083, 186, 955.00, 1.00),
(277, 202, 394, 10, 624.50, 1.00),
(278, 203, 464, 14, 4581.00, 1.00),
(279, 203, 1038, 184, 250.00, 1.00),
(280, 203, 596, 95, 450.00, 1.00),
(281, 204, 1088, 191, 300.00, 4.00),
(282, 205, 1097, 201, 550.00, 0.50),
(283, 206, 1088, 191, 300.00, 2.00),
(284, 207, 1088, 191, 300.00, 0.50),
(285, 208, 1098, 202, 450.00, 0.50),
(286, 209, 115, 50, 555.00, 12.00),
(287, 210, 62, 1, 9795.00, 1.00),
(288, 210, 1039, 123, 300.00, 1.00),
(289, 210, 1000, 92, 500.00, 1.00),
(290, 210, 986, 168, 250.00, 1.00),
(291, 211, 80, 34, 720.00, 1.00),
(292, 212, 985, 59, 500.00, 4.00),
(293, 213, 1088, 191, 300.00, 0.50),
(294, 214, 1107, 210, 500.00, 1.00),
(295, 214, 1039, 123, 300.00, 1.00),
(296, 215, 1098, 202, 450.00, 2.00),
(297, 216, 114, 51, 740.00, 1.00),
(298, 217, 78, 36, 940.00, 1.00),
(299, 218, 80, 34, 720.00, 1.00),
(300, 219, 1039, 123, 300.00, 1.00),
(301, 219, 1107, 210, 500.00, 1.00),
(302, 220, 1089, 192, 400.00, 0.50),
(303, 221, 77, 37, 1330.00, 1.00),
(304, 222, 1038, 184, 250.00, 1.00),
(305, 223, 1089, 192, 400.00, 0.25),
(306, 224, 77, 37, 1330.00, 1.00),
(307, 225, 1089, 192, 400.00, 0.25),
(308, 226, 48, 12, 3286.00, 1.00),
(309, 226, 1037, 122, 250.00, 1.00),
(310, 227, 621, 7, 6890.00, 1.00),
(311, 227, 1039, 123, 300.00, 1.00),
(312, 227, 85, 60, 1710.00, 4.00),
(313, 227, 1054, 137, 450.00, 1.00),
(314, 228, 1098, 202, 450.00, 1.00),
(315, 229, 1088, 191, 300.00, 5.00),
(316, 230, 66, 3, 6365.00, 1.00),
(317, 230, 1037, 122, 250.00, 1.00),
(318, 230, 996, 79, 450.00, 1.00),
(319, 230, 1057, 140, 350.00, 1.00),
(320, 231, 25, 19, 1053.00, 1.00),
(321, 232, 48, 12, 3286.00, 1.00),
(322, 232, 1037, 122, 250.00, 1.00),
(323, 232, 1096, 199, 300.00, 1.00),
(324, 233, 1040, 124, 300.00, 1.00),
(325, 233, 1103, 206, 100.00, 1.00),
(326, 233, 1082, 178, 450.00, 1.00),
(327, 233, 1052, 135, 350.00, 1.00),
(328, 233, 47, 13, 4395.00, 1.00),
(329, 234, 1098, 202, 450.00, 0.70),
(330, 235, 78, 36, 940.00, 1.00),
(331, 236, 1044, 127, 500.00, 1.00),
(332, 237, 985, 59, 500.00, 1.00),
(333, 238, 1097, 201, 550.00, 1.00),
(334, 239, 80, 34, 720.00, 1.00),
(335, 240, 107, 39, 612.00, 1.00),
(336, 241, 1089, 192, 400.00, 0.25),
(337, 242, 1088, 191, 300.00, 4.00),
(338, 243, 1098, 202, 450.00, 0.60),
(339, 244, 80, 34, 720.00, 1.00),
(340, 245, 1088, 191, 300.00, 0.50),
(341, 246, 1098, 202, 450.00, 0.70),
(342, 247, 1117, 224, 500.00, 2.00),
(343, 248, 1088, 191, 300.00, 8.00),
(344, 249, 989, 65, 300.00, 1.00),
(345, 250, 1089, 192, 400.00, 0.50),
(346, 251, 47, 13, 4395.00, 1.00),
(347, 251, 1037, 216, 250.00, 1.00),
(348, 251, 1009, 99, 450.00, 1.00),
(349, 252, 1088, 191, 300.00, 20.00),
(350, 253, 1089, 192, 400.00, 1.00),
(351, 254, 1097, 201, 550.00, 0.70),
(352, 255, 1092, 195, 539.00, 1.00),
(353, 256, 66, 3, 6365.00, 1.00),
(354, 256, 1039, 123, 300.00, 1.00),
(355, 256, 520, 82, 500.00, 1.00),
(356, 257, 8, 26, 3635.00, 2.00),
(357, 257, 1048, 131, 350.00, 1.00),
(358, 257, 1046, 129, 350.00, 1.00),
(359, 258, 84, 67, 2565.00, 3.00),
(360, 259, 1089, 192, 400.00, 1.00),
(361, 260, 114, 51, 740.00, 1.00),
(362, 261, 394, 10, 624.50, 1.00),
(363, 262, 394, 10, 624.50, 1.00),
(364, 263, 48, 12, 3286.00, 1.00),
(365, 263, 1037, 216, 250.00, 1.00),
(366, 263, 280, 89, 350.00, 1.00),
(367, 263, 1103, 206, 100.00, 1.00),
(368, 264, 25, 19, 1053.00, 1.00),
(369, 266, 993, 166, 450.00, 1.00),
(370, 267, 1089, 192, 400.00, 0.25),
(371, 268, 48, 12, 3286.00, 1.00),
(372, 269, 1042, 125, 450.00, 1.00),
(373, 269, 1089, 192, 400.00, 3.00),
(374, 270, 1089, 192, 400.00, 0.50),
(375, 271, 79, 35, 1025.00, 1.00),
(376, 273, 407, 41, 3102.00, 1.00),
(377, 273, 1037, 216, 250.00, 1.00),
(378, 273, 1023, 109, 300.00, 1.00),
(379, 274, 73, 75, 3700.00, 1.00),
(380, 274, 1037, 216, 250.00, 1.00),
(381, 274, 1056, 139, 350.00, 1.00),
(382, 275, 107, 39, 612.00, 1.00),
(383, 276, 1089, 192, 400.00, 0.25),
(384, 277, 24, 20, 3159.00, 1.00),
(385, 277, 1037, 216, 250.00, 1.00),
(386, 278, 23, 21, 4212.00, 1.00),
(387, 278, 1037, 216, 250.00, 1.00),
(388, 279, 525, 18, 599.00, 1.00),
(389, 280, 1091, 200, 850.00, 2.00),
(390, 281, 993, 166, 450.00, 1.00),
(391, 282, 65, 4, 8485.00, 1.00),
(392, 282, 1075, 155, 450.00, 1.00),
(393, 282, 1052, 135, 350.00, 1.00),
(394, 282, 1082, 178, 450.00, 1.00),
(395, 283, 80, 34, 720.00, 1.00),
(396, 284, 1088, 191, 300.00, 4.00),
(397, 285, 991, 66, 350.00, 1.00),
(398, 286, 1059, 173, 600.00, 1.00),
(399, 287, 991, 66, 350.00, 1.00),
(400, 287, 1088, 191, 300.00, 0.50),
(401, 288, 1089, 192, 400.00, 0.25),
(402, 289, 1065, 170, 150.00, 1.00),
(403, 290, 1098, 202, 450.00, 1.00),
(404, 292, 1088, 191, 300.00, 0.50),
(405, 294, 80, 34, 720.00, 1.00),
(406, 295, 991, 66, 350.00, 1.00),
(407, 296, 991, 66, 350.00, 1.00),
(408, 297, 525, 18, 599.00, 1.00),
(409, 298, 1117, 224, 500.00, 1.00),
(410, 299, 48, 12, 3286.00, 1.00),
(411, 299, 1037, 216, 250.00, 1.00),
(412, 299, 1035, 162, 350.00, 1.00),
(413, 300, 65, 4, 8485.00, 1.00),
(414, 300, 1039, 123, 300.00, 1.00),
(415, 300, 1000, 92, 500.00, 1.00),
(416, 300, 1054, 137, 450.00, 1.00),
(417, 301, 80, 34, 720.00, 1.00),
(418, 302, 468, 38, 1860.00, 1.00),
(419, 302, 1038, 184, 250.00, 1.00),
(420, 303, 78, 36, 940.00, 1.00),
(421, 304, 1088, 191, 300.00, 0.50),
(422, 305, 132, 72, 350.00, 1.00),
(423, 306, 622, 8, 5170.00, 1.00),
(424, 306, 1037, 216, 250.00, 1.00),
(425, 307, 1098, 202, 450.00, 0.70),
(426, 308, 1098, 202, 450.00, 0.70),
(427, 309, 78, 36, 940.00, 1.00),
(428, 310, 80, 34, 720.00, 1.00),
(429, 312, 1037, 216, 250.00, 1.00),
(430, 313, 1088, 191, 300.00, 20.00),
(431, 314, 525, 18, 599.00, 1.00),
(432, 316, 1098, 202, 450.00, 1.00),
(433, 317, 130, 62, 300.00, 1.00),
(434, 318, 47, 13, 4395.00, 1.00),
(435, 318, 1040, 124, 300.00, 1.00),
(436, 319, 78, 36, 940.00, 1.00),
(437, 321, 468, 38, 1860.00, 1.00),
(438, 322, 525, 18, 599.00, 1.00),
(439, 323, 1089, 192, 400.00, 0.50),
(440, 324, 1097, 201, 550.00, 1.00),
(441, 325, 1098, 202, 450.00, 1.00),
(442, 326, 775, 15, 6099.00, 1.00),
(443, 326, 1039, 123, 300.00, 1.00),
(444, 327, 622, 8, 5170.00, 1.00),
(445, 327, 1037, 216, 250.00, 1.00),
(446, 328, 1089, 192, 400.00, 0.50),
(447, 328, 131, 57, 30.00, 1.00),
(448, 329, 1089, 192, 400.00, 0.25),
(449, 330, 1098, 202, 450.00, 0.70),
(450, 331, 1091, 200, 850.00, 1.50),
(451, 332, 80, 34, 720.00, 2.00),
(452, 333, 1083, 186, 955.00, 1.00),
(453, 334, 1089, 192, 400.00, 0.50),
(454, 335, 1089, 192, 400.00, 0.25),
(455, 336, 525, 18, 599.00, 1.00),
(456, 338, 468, 38, 1860.00, 1.00),
(457, 339, 77, 37, 1330.00, 1.00),
(458, 340, 78, 36, 940.00, 1.00),
(459, 341, 1089, 192, 400.00, 0.25),
(460, 342, 1089, 192, 400.00, 0.10),
(461, 343, 991, 66, 350.00, 1.00),
(462, 343, 1088, 191, 300.00, 0.10),
(463, 344, 24, 20, 3159.00, 1.00),
(464, 344, 1096, 199, 300.00, 1.00),
(465, 344, 130, 62, 300.00, 1.00),
(466, 345, 48, 12, 3286.00, 1.00),
(467, 345, 1037, 216, 250.00, 1.00),
(468, 346, 1089, 192, 400.00, 1.00),
(469, 347, 991, 66, 350.00, 1.00),
(470, 348, 1091, 200, 850.00, 0.70),
(471, 349, 1089, 192, 400.00, 0.70),
(472, 350, 394, 10, 624.50, 1.00),
(473, 351, 1089, 192, 400.00, 0.70),
(474, 352, 993, 166, 450.00, 1.00),
(475, 353, 993, 166, 450.00, 1.00),
(476, 354, 80, 34, 720.00, 1.00),
(477, 355, 78, 36, 940.00, 1.00),
(478, 356, 1089, 192, 400.00, 0.40),
(479, 357, 980, 55, 6500.00, 1.00),
(480, 358, 1088, 191, 300.00, 10.00),
(481, 359, 1089, 192, 400.00, 10.00),
(482, 360, 79, 35, 1025.00, 1.00),
(483, 361, 1089, 192, 400.00, 0.25),
(484, 362, 1089, 192, 400.00, 0.50),
(485, 363, 1089, 192, 400.00, 1.00),
(486, 365, 1089, 192, 400.00, 1.50),
(487, 366, 525, 18, 599.00, 1.00),
(488, 367, 112, 46, 2925.00, 1.00),
(489, 367, 1033, 119, 300.00, 1.00),
(490, 368, 1119, 226, 750.00, 1.00),
(491, 368, 1118, 225, 450.00, 1.00),
(492, 368, 47, 13, 4395.00, 1.00),
(493, 368, 1039, 123, 300.00, 1.00),
(494, 368, 1103, 206, 100.00, 1.00),
(495, 369, 1089, 192, 400.00, 0.75),
(496, 370, 131, 57, 30.00, 2.00),
(497, 371, 77, 37, 1330.00, 1.00),
(498, 372, 991, 66, 350.00, 1.00),
(499, 373, 1088, 191, 300.00, 3.00),
(500, 374, 1117, 224, 500.00, 3.00),
(501, 375, 1117, 224, 500.00, 2.00),
(502, 376, 468, 38, 1860.00, 1.00),
(503, 377, 1098, 202, 450.00, 1.00),
(504, 378, 115, 50, 555.00, 1.00),
(505, 379, 1089, 192, 400.00, 0.50),
(506, 380, 1089, 192, 400.00, 1.00),
(507, 381, 1098, 202, 450.00, 0.70),
(508, 382, 1089, 192, 400.00, 1.00),
(509, 384, 1038, 184, 250.00, 1.00),
(510, 384, 77, 37, 1330.00, 1.00),
(511, 385, 1098, 202, 450.00, 1.10),
(512, 386, 1096, 199, 300.00, 1.00),
(513, 387, 80, 34, 720.00, 1.00),
(514, 388, 1120, 227, 880.00, 1.00),
(515, 389, 48, 12, 3286.00, 1.00),
(516, 389, 1037, 216, 250.00, 1.00),
(517, 390, 77, 37, 1330.00, 1.00),
(518, 391, 1097, 201, 550.00, 1.00),
(519, 392, 1098, 202, 450.00, 0.70),
(520, 393, 1089, 192, 400.00, 0.70),
(521, 394, 1113, 218, 11000.00, 1.00),
(522, 394, 1114, 219, 2450.00, 2.00),
(523, 395, 1088, 191, 300.00, 1.00),
(524, 396, 1088, 191, 300.00, 19.00),
(525, 397, 991, 66, 350.00, 1.00),
(526, 398, 525, 18, 599.00, 1.00),
(527, 399, 1098, 202, 450.00, 1.00),
(528, 400, 622, 8, 5170.00, 1.00),
(529, 400, 1037, 216, 250.00, 1.00),
(530, 400, 1023, 109, 300.00, 1.00),
(531, 401, 112, 46, 2925.00, 1.00),
(532, 401, 1037, 216, 250.00, 1.00),
(533, 401, 1023, 109, 300.00, 1.00),
(534, 402, 1089, 192, 400.00, 0.70),
(535, 403, 1097, 201, 550.00, 1.00),
(536, 404, 1089, 192, 400.00, 0.25),
(537, 405, 115, 50, 555.00, 1.00),
(538, 406, 1089, 192, 400.00, 1.00),
(539, 407, 1089, 192, 400.00, 0.70),
(540, 408, 621, 7, 6890.00, 1.00),
(541, 408, 525, 18, 599.00, 1.00),
(542, 409, 1085, 188, 3720.00, 1.00),
(543, 410, 1037, 216, 250.00, 1.00),
(544, 410, 68, 9, 5730.00, 1.00),
(545, 411, 111, 47, 3900.00, 1.00),
(546, 411, 1037, 216, 250.00, 1.00),
(547, 411, 1023, 109, 300.00, 1.00),
(548, 412, 23, 21, 4212.00, 1.00),
(549, 412, 1037, 216, 250.00, 1.00),
(550, 412, 1013, 103, 400.00, 1.00),
(551, 413, 1089, 192, 400.00, 1.00),
(552, 414, 1089, 192, 400.00, 0.50),
(553, 415, 1098, 202, 450.00, 0.50),
(554, 416, 990, 174, 400.00, 1.00),
(555, 417, 132, 72, 350.00, 2.00),
(556, 418, 1089, 192, 400.00, 0.50),
(557, 419, 1126, 233, 7285.00, 1.00),
(558, 420, 65, 4, 8485.00, 1.00),
(559, 420, 1040, 124, 300.00, 1.00),
(560, 421, 1128, 235, 1100.00, 1.00),
(561, 422, 1086, 189, 800.00, 1.00),
(562, 423, 1089, 192, 400.00, 2.00),
(563, 423, 1014, 104, 350.00, 1.00),
(564, 424, 1088, 191, 300.00, 2.00),
(565, 425, 525, 18, 599.00, 1.00),
(566, 426, 80, 34, 720.00, 1.00),
(567, 427, 131, 57, 30.00, 2.00),
(568, 428, 131, 57, 30.00, 1.00),
(569, 429, 132, 72, 350.00, 1.00),
(570, 430, 991, 66, 350.00, 1.00),
(571, 431, 115, 50, 555.00, 1.00),
(572, 432, 1048, 131, 350.00, 1.00),
(573, 433, 1097, 201, 550.00, 0.50),
(574, 434, 1087, 190, 150.00, 1.00),
(575, 434, 79, 35, 1025.00, 1.00),
(576, 435, 394, 10, 624.50, 1.00),
(577, 436, 1089, 192, 400.00, 0.70),
(578, 437, 525, 18, 599.00, 1.00),
(579, 438, 80, 34, 720.00, 1.00),
(580, 439, 1088, 191, 300.00, 20.00),
(581, 440, 1089, 192, 400.00, 0.25),
(582, 441, 1088, 191, 300.00, 0.50),
(583, 442, 65, 4, 8485.00, 1.00),
(584, 442, 1075, 155, 450.00, 1.00),
(585, 442, 1082, 178, 450.00, 1.00),
(586, 442, 1052, 135, 350.00, 1.00),
(587, 443, 85, 60, 1710.00, 1.00),
(588, 443, 85, 223, 1710.00, 3.00),
(589, 444, 80, 34, 720.00, 1.00),
(590, 445, 131, 57, 30.00, 2.00),
(591, 446, 993, 166, 450.00, 1.00),
(592, 447, 67, 5, 7640.00, 1.00),
(593, 447, 1075, 155, 450.00, 1.00),
(594, 448, 1037, 216, 250.00, 1.00),
(595, 449, 24, 20, 3159.00, 1.00),
(596, 449, 1037, 216, 250.00, 1.00),
(597, 450, 1089, 192, 400.00, 1.00),
(598, 451, 44, 16, 5464.00, 1.00),
(599, 451, 1040, 124, 300.00, 1.00),
(600, 451, 1027, 114, 350.00, 1.00),
(601, 451, 1057, 140, 350.00, 1.00),
(602, 452, 1127, 234, 400.00, 2.00),
(603, 453, 1094, 197, 5067.00, 1.00),
(604, 454, 1089, 192, 400.00, 0.70),
(605, 454, 1088, 191, 300.00, 0.50),
(606, 455, 303, 85, 350.00, 1.00),
(607, 456, 78, 36, 940.00, 1.00),
(608, 457, 23, 21, 4212.00, 2.00),
(609, 457, 1037, 216, 250.00, 1.00),
(610, 458, 1038, 184, 250.00, 2.00),
(611, 459, 1089, 192, 400.00, 0.70),
(612, 460, 1095, 198, 874.00, 1.00),
(613, 461, 1095, 198, 874.00, 2.00),
(614, 462, 1088, 191, 300.00, 10.00),
(615, 463, 1083, 186, 955.00, 2.00),
(616, 463, 1038, 184, 250.00, 1.00),
(617, 464, 80, 34, 720.00, 1.00),
(618, 465, 1096, 199, 300.00, 1.00),
(619, 466, 1088, 191, 300.00, 6.70),
(620, 466, 1088, 238, 300.00, 1.30),
(621, 467, 25, 19, 1053.00, 1.00),
(622, 468, 1089, 192, 400.00, 0.10),
(623, 468, 988, 64, 250.00, 1.00),
(624, 469, 622, 8, 5170.00, 1.00),
(625, 469, 1040, 124, 300.00, 1.00),
(626, 470, 47, 13, 4395.00, 1.00),
(627, 470, 1038, 184, 250.00, 1.00),
(628, 470, 1026, 113, 450.00, 1.00),
(629, 471, 23, 21, 4212.00, 1.00),
(630, 471, 1039, 123, 300.00, 1.00),
(631, 472, 1089, 192, 400.00, 10.00),
(632, 473, 111, 47, 3900.00, 1.00),
(633, 473, 1041, 182, 300.00, 1.00),
(634, 473, 1035, 162, 350.00, 1.00),
(635, 474, 1098, 202, 450.00, 0.50),
(636, 475, 1095, 198, 874.00, 1.00),
(637, 476, 112, 46, 2925.00, 1.00),
(638, 476, 1038, 184, 250.00, 1.00),
(639, 476, 1023, 211, 300.00, 1.00),
(640, 477, 1089, 192, 400.00, 0.70),
(641, 478, 80, 34, 720.00, 1.00),
(642, 479, 115, 50, 555.00, 1.00),
(643, 480, 1089, 192, 400.00, 0.50),
(644, 481, 1083, 186, 955.00, 1.00),
(645, 482, 468, 38, 1860.00, 1.00),
(646, 482, 1087, 190, 150.00, 1.00),
(647, 483, 621, 7, 6890.00, 1.00),
(648, 483, 1040, 124, 300.00, 1.00),
(649, 483, 1108, 212, 500.00, 1.00),
(650, 484, 80, 34, 720.00, 1.00),
(651, 485, 1098, 202, 450.00, 0.70),
(652, 486, 1133, 242, 300.00, 1.00),
(653, 487, 112, 46, 2925.00, 1.00),
(654, 487, 1038, 184, 250.00, 1.00),
(655, 487, 1023, 211, 300.00, 1.00),
(656, 487, 1127, 234, 400.00, 2.00),
(657, 488, 1092, 195, 539.00, 1.00),
(658, 488, 1083, 186, 955.00, 1.00),
(659, 489, 77, 37, 1330.00, 1.00),
(660, 490, 73, 75, 3700.00, 1.00),
(661, 490, 1038, 184, 250.00, 1.00),
(662, 491, 78, 36, 940.00, 1.00),
(663, 492, 991, 66, 350.00, 1.00),
(664, 493, 1038, 184, 250.00, 1.00),
(665, 493, 775, 15, 6099.00, 1.00),
(666, 494, 112, 46, 2925.00, 1.00),
(667, 494, 1038, 184, 250.00, 1.00),
(668, 494, 1127, 234, 400.00, 0.50),
(669, 495, 1095, 198, 874.00, 1.00),
(670, 496, 1088, 238, 300.00, 10.00),
(671, 497, 1084, 187, 2805.00, 1.00),
(672, 497, 1038, 184, 250.00, 1.00),
(673, 498, 1098, 202, 450.00, 0.90),
(674, 499, 1089, 192, 400.00, 0.25),
(675, 500, 993, 166, 450.00, 1.00),
(676, 501, 1098, 202, 450.00, 1.50),
(677, 502, 985, 59, 500.00, 1.00),
(678, 502, 130, 62, 300.00, 1.00),
(679, 503, 130, 62, 300.00, 1.00),
(680, 504, 1127, 234, 400.00, 0.70),
(681, 505, 1098, 202, 450.00, 0.70),
(682, 506, 1098, 202, 450.00, 0.70),
(683, 507, 1089, 192, 400.00, 1.00),
(684, 508, 1089, 192, 400.00, 0.70),
(685, 509, 1089, 192, 400.00, 0.70),
(686, 510, 77, 37, 1330.00, 1.00),
(687, 512, 1088, 238, 300.00, 20.00),
(688, 513, 1088, 238, 300.00, 10.00),
(689, 514, 1089, 192, 400.00, 0.25),
(690, 515, 1083, 186, 955.00, 1.00),
(691, 516, 1098, 202, 450.00, 1.00),
(692, 517, 1089, 192, 400.00, 0.70),
(693, 518, 1098, 202, 450.00, 0.20),
(694, 519, 1089, 192, 400.00, 0.10),
(695, 520, 1098, 202, 450.00, 0.20),
(696, 521, 1088, 238, 300.00, 0.50),
(697, 522, 394, 10, 624.50, 1.00),
(698, 523, 2, 31, 5000.00, 1.00),
(699, 523, 3, 30, 1260.00, 3.00),
(700, 523, 1048, 131, 350.00, 1.00),
(701, 523, 1103, 206, 100.00, 1.00),
(702, 523, 1052, 135, 350.00, 1.00),
(703, 523, 578, 88, 1200.00, 1.00),
(704, 524, 2, 31, 5000.00, 1.00),
(705, 524, 3, 30, 1260.00, 3.00),
(706, 524, 1048, 131, 350.00, 1.00),
(707, 524, 1103, 206, 100.00, 1.00),
(708, 524, 1052, 135, 350.00, 1.00),
(709, 524, 578, 88, 1200.00, 1.00),
(710, 525, 1089, 192, 400.00, 0.50),
(711, 526, 77, 37, 1330.00, 1.00),
(712, 528, 1120, 227, 880.00, 1.00),
(713, 529, 1088, 238, 300.00, 4.00),
(714, 530, 1089, 192, 400.00, 0.25),
(715, 532, 775, 15, 6099.00, 1.00),
(716, 532, 1039, 123, 300.00, 1.00),
(717, 532, 985, 59, 500.00, 1.00),
(718, 533, 1089, 192, 400.00, 2.50),
(719, 533, 1038, 184, 250.00, 1.00),
(720, 534, 1096, 199, 300.00, 1.00),
(721, 535, 77, 37, 1330.00, 1.00),
(722, 536, 1127, 234, 400.00, 1.50),
(723, 537, 77, 37, 1330.00, 1.00),
(724, 538, 394, 10, 624.50, 1.00),
(725, 539, 77, 37, 1330.00, 1.00),
(726, 540, 1001, 94, 450.00, 1.00),
(727, 541, 468, 38, 1860.00, 1.00),
(728, 542, 394, 10, 624.50, 1.00),
(729, 543, 1098, 202, 450.00, 0.50),
(730, 544, 1089, 192, 400.00, 1.00),
(731, 545, 525, 18, 628.00, 1.00),
(732, 546, 1098, 202, 450.00, 0.70),
(733, 547, 1089, 192, 400.00, 1.00),
(734, 548, 621, 7, 6890.00, 1.00),
(735, 548, 1038, 184, 250.00, 1.00),
(736, 549, 1088, 238, 300.00, 10.00),
(737, 550, 1089, 192, 400.00, 0.25),
(738, 551, 80, 245, 720.00, 1.00),
(739, 552, 1027, 114, 350.00, 1.00),
(740, 553, 1057, 140, 350.00, 1.00),
(741, 554, 596, 95, 450.00, 1.00),
(742, 555, 1038, 184, 250.00, 1.00),
(743, 555, 1026, 113, 450.00, 1.00),
(744, 555, 23, 21, 4404.00, 1.00),
(745, 556, 86, 61, 1310.00, 1.00),
(746, 557, 1088, 238, 300.00, 10.00),
(747, 557, 1127, 234, 400.00, 1.00),
(748, 558, 1097, 201, 550.00, 0.70),
(749, 559, 23, 21, 4404.00, 1.00),
(750, 560, 525, 18, 628.00, 1.00),
(751, 561, 131, 57, 30.00, 1.00),
(752, 562, 1088, 238, 300.00, 2.00),
(753, 563, 25, 19, 1101.00, 1.00),
(754, 564, 1088, 238, 300.00, 10.00),
(755, 565, 73, 75, 3700.00, 1.00),
(757, 566, 1098, 202, 450.00, 0.70),
(758, 567, 1089, 192, 400.00, 1.00),
(759, 568, 1009, 253, 700.00, 1.00),
(760, 569, 1009, 253, 700.00, 2.00),
(761, 570, 1009, 253, 700.00, 1.00),
(763, 572, 1009, 253, 720.25, 1.00),
(765, 573, 4, 29, 10080.00, 1.00),
(766, 573, 10, 33, 1180.00, 1.00),
(767, 573, 49, 11, 1129.00, 1.00),
(768, 573, 48, 12, 3286.00, 1.00);

-- --------------------------------------------------------

--
-- Table structure for table `product`
--

CREATE TABLE `product` (
  `id` int(11) NOT NULL,
  `name` varchar(50) NOT NULL,
  `category_id` int(11) NOT NULL,
  `brand_id` int(11) NOT NULL,
  `buying_price` float(10,2) NOT NULL,
  `selling_price` float(10,2) NOT NULL,
  `quantity` float(10,2) NOT NULL,
  `description` text NOT NULL
) ENGINE=InnoDB DEFAULT CHARSET=latin1;

--
-- Dumping data for table `product`
--

INSERT INTO `product` (`id`, `name`, `category_id`, `brand_id`, `buying_price`, `selling_price`, `quantity`, `description`) VALUES
(1, 'DELO GOLD ULTRA (500) 10 LTR', 4, 2, 10830.00, 12500.00, 4.00, ''),
(2, 'DELO GOLD ULTRA (500) 4 LTR', 4, 2, 4332.00, 5000.00, 7.00, ''),
(3, 'DELO GOLD ULTRA (500) 1 LTR', 4, 2, 1093.00, 1260.00, 0.00, ''),
(4, 'DELO SILVER MULTI (400) 10 LTR', 4, 2, 8620.00, 10080.00, 4.00, ''),
(5, 'DELO SILVER MULTI (400) 4 LTR', 4, 2, 3448.00, 4032.00, 8.00, ''),
(7, 'DELO SILVER MONO (300) 10 LTR', 4, 2, 8280.00, 9570.00, 4.00, ''),
(8, 'DELO SILVER MONO (300) 4 LTR', 4, 2, 3312.00, 3828.00, 4.50, ''),
(10, 'DELO GEAR OIL SE140 1 LTR', 4, 2, 1110.00, 1180.00, 12.00, ''),
(13, 'HAVOLINE PRO DS 5/40 4 LTR', 4, 2, 7472.00, 8480.00, 2.00, ''),
(15, 'HAVOLINE FORMULA 4 LTR', 4, 2, 4900.00, 5676.00, 8.00, ''),
(16, 'HAVOLINE FORMULA 3 LTR', 4, 2, 3675.00, 4257.00, 8.00, ''),
(23, 'HAVOLINE MOTOR OIL 4 LTR', 4, 2, 4024.00, 4404.00, 5.00, ''),
(24, 'HAVOLINE MOTOR OIL 3 LTR', 4, 2, 2844.00, 3303.00, 4.00, ''),
(25, 'HAVOLINE MOTOR OIL 1 LTR', 4, 2, 948.00, 1101.00, 17.00, ''),
(43, 'SHELL HELIX HX7 4 LTR', 4, 3, 6000.00, 7279.00, 3.00, ''),
(44, 'SHELL HELIX HX7 3 LTR', 4, 3, 4500.00, 5464.00, 2.00, ''),
(47, 'SHELL HELIX HX3 4 LTR', 4, 3, 3780.00, 4395.00, 3.00, ''),
(48, 'SHELL HELIX HX3 3 LTR', 4, 3, 2835.00, 3286.00, 5.00, ''),
(49, 'SHELL HELIX HX3 1 LTR', 4, 3, 980.00, 1129.00, 22.00, ''),
(61, 'ZIC TOP 0/40 4 LTR', 4, 5, 11129.20, 13225.00, 8.00, ''),
(62, 'ZIC X9 5/40 4 LTR', 4, 5, 7921.60, 9795.00, 7.00, ''),
(63, 'ZIC X7 0/20 4 LTR', 4, 5, 7255.25, 9390.00, 4.00, ''),
(64, 'ZIC X7 0/20 3 LTR', 4, 5, 5444.00, 7045.00, 6.00, ''),
(65, 'ZIC X7 5/20 4 LTR', 4, 5, 6604.00, 8485.00, 75.00, ''),
(66, 'ZIC X7 5/20 3 LTR', 4, 5, 4954.08, 6365.00, 58.00, ''),
(67, 'ZIC X7 10/40 4 LTR', 4, 5, 6056.20, 7640.00, 119.00, ''),
(68, 'ZIC X7 10/40 3 LTR', 4, 5, 4545.00, 5730.00, 297.00, ''),
(72, 'ZIC X1 20/50 4 LTR', 4, 5, 3961.75, 4935.00, 8.00, ''),
(73, 'ZIC X1 20/50 3 LTR', 4, 5, 2970.00, 3700.00, 5.00, ''),
(77, 'ZIC M5 20/40 1 LTR', 4, 5, 1115.00, 1330.00, 7.00, ''),
(78, 'ZIC M5 20/40 0.7 LTR', 4, 5, 790.00, 940.00, 11.00, ''),
(79, 'ZIC M3 20/50 1 LTR', 4, 5, 860.00, 1025.00, 17.00, ''),
(80, 'ZIC M3 20/50 0.7 LTR', 4, 5, 650.00, 720.00, 11.00, ''),
(84, 'ZIC CVTF 1 LTR', 4, 5, 2186.00, 2565.00, 21.00, ''),
(85, 'ZIC ATF 1 LTR', 4, 5, 1502.00, 1710.00, 9.00, ''),
(86, 'ZIC COOLANT', 5, 5, 1112.25, 1310.00, 10.00, ''),
(104, 'TOTAL QUARTZ 3000 4 LTR', 4, 27, 3120.00, 4121.00, 6.00, ''),
(106, 'TOTAL HI PERF 1 LTR', 4, 27, 650.00, 853.00, 24.00, ''),
(107, 'TOTAL HI PERF 0.7 LTR', 4, 27, 460.00, 612.00, 22.00, ''),
(111, 'PSO CARIENT PLUS 4 LTR', 4, 26, 2980.00, 3900.00, 17.00, ''),
(112, 'PSO CARIENT PLUS 3 LTR', 4, 26, 2235.00, 2925.00, 14.00, ''),
(113, 'PSO CARIENT PLUS 1 LTR', 4, 26, 800.00, 1019.00, 60.00, ''),
(114, 'PSO BLAZE 1 LTR', 4, 26, 610.00, 740.00, 34.00, ''),
(115, 'PSO BLAZE 0.7 LTR', 4, 26, 450.00, 555.00, 38.00, ''),
(116, 'PSO GENERATOR OIL 1 LTR', 4, 26, 630.00, 775.00, 60.00, ''),
(117, 'PSO GEAR OIL 85W-140 1 LTR', 4, 26, 800.00, 900.00, 22.00, ''),
(130, 'GUARD BRAKE OIL', 4, 1, 258.33, 300.00, 17.00, ''),
(131, 'RIKSHAW GEAR OIL', 4, 1, 18.75, 30.00, 52.00, ''),
(132, 'MICRO FIBER CLOTH', 3, 1, 200.00, 350.00, 15.00, ''),
(203, 'BALENO AIR FILTER SUNRISE', 1, 1, 250.00, 350.00, 2.00, ''),
(221, 'COURE  AIR FILTER SUPER MAX', 1, 1, 280.00, 350.00, 5.00, ''),
(280, 'MEHRAN EURO AIR FILTER SUNRISE', 1, 1, 220.00, 350.00, 3.00, ''),
(282, 'SUNRISR MINI PAJERO AIR FILTER ', 26, 43, 250.00, 350.00, 6.00, ''),
(301, 'REBORN 2013 RNA AIR FILTER ', 26, 43, 310.00, 500.00, 6.00, ''),
(303, 'ROMA AIR FILTER SUPER MAX', 1, 1, 280.00, 350.00, 8.00, ''),
(394, 'SHELL ADVANCE AX3 0.7 LTR', 4, 3, 515.00, 624.50, 44.00, ''),
(407, 'TOTAL QUARTZ 3000 3 LTR', 4, 27, 2340.00, 3102.00, 9.00, ''),
(464, 'SHELL HELIX HX6 3 LTR', 4, 3, 3870.00, 4581.00, 6.00, ''),
(468, 'ZIC M9 10/40 1 LTR', 4, 5, 1600.00, 1860.00, 5.00, ''),
(476, 'VIGO AIR FILTER', 1, 1, 850.00, 1200.00, 2.00, ''),
(500, 'PSO DEO 8000 4LTR', 4, 1, 3280.00, 4400.00, 8.00, ''),
(520, 'NISSAN DAYZ AIR FILTER MAX', 1, 1, 410.00, 500.00, 5.00, ''),
(525, 'HAVOLINE 4T 0.7', 4, 2, 526.00, 628.00, 33.00, ''),
(578, 'REVO AIR FILTER', 1, 1, 810.00, 1200.00, 1.00, ''),
(596, '74P00 AIR FILTER SUNRISE', 26, 43, 280.00, 450.00, 3.00, ''),
(621, 'ZIC X5 20/50 4 LTR', 4, 5, 5532.00, 6890.00, 353.00, ''),
(622, 'ZIC X5 20/50 3 LTR', 4, 5, 4149.00, 5170.00, 451.00, ''),
(632, 'NISSAN DAYZ AIR FILTER', 1, 1, 280.00, 350.00, 1.00, ''),
(634, 'HAVOLINE PRO DS 5/30 4 LTR', 4, 2, 7472.00, 8480.00, 1.00, ''),
(648, 'ZIC X1 20/50 1 LTR', 4, 5, 991.79, 1250.00, 23.00, ''),
(663, 'CITY NEW RB6 AIR FILTER SUNRISE', 26, 43, 240.00, 450.00, 6.00, ''),
(772, 'ZIC X7 0/30 4 LTR', 4, 5, 7441.50, 9595.00, 8.00, ''),
(775, 'SHELL HELIX HX6 4 LTR', 4, 3, 5160.00, 6099.00, 5.00, ''),
(975, 'PSO CARIENT ULTRA 10/30 3LTR', 4, 26, 2835.00, 3675.00, 8.00, 'description'),
(976, 'PSO CARIENT ULTRA 10/30 4LTR', 4, 26, 3780.00, 4900.00, 8.00, 'description'),
(977, 'PSO DEO 6000 4LTR', 4, 26, 2800.00, 3688.00, 8.00, 'description'),
(978, 'PSO DEO 3000 4LTR', 4, 26, 2380.00, 2960.00, 8.00, 'description'),
(979, 'PSO ATF 1LTR', 4, 26, 1000.00, 1265.00, 24.00, 'description'),
(980, 'HYDRAULIC AW-68 20LTR', 4, 12, 4950.00, 6500.00, 7.00, 'description'),
(981, 'EURO 5000 CD-50 20LTR', 4, 12, 6350.00, 8350.00, 8.00, 'description'),
(982, 'WHITE HORSE SMALL ', 4, 12, 40.27, 50.00, 34.00, 'description'),
(983, 'DOUBLE HORSE SMALL', 4, 12, 25.00, 40.00, 36.00, 'description'),
(984, 'ATE BREAK OIL BIG  ', 4, 12, 316.68, 380.00, 12.00, 'description'),
(985, 'SUPER ONE ATF 1LTR', 4, 12, 350.00, 500.00, 4.00, 'description'),
(986, 'ICON BREAK OIL ', 4, 12, 200.00, 250.00, 22.00, 'description'),
(987, 'KEN-2 2LTR', 4, 12, 837.50, 900.00, 8.00, 'description'),
(988, 'ATE COOLANT 1LTR', 5, 13, 150.00, 250.00, 6.00, 'description'),
(989, 'ZF DASHBOARD SPRAY', 24, 41, 250.00, 300.00, 23.00, 'description'),
(990, '7CF DASHBOARD SPRAY ', 24, 41, 360.00, 400.00, 22.00, 'description'),
(991, 'GMC 0.7LTR', 4, 12, 275.00, 350.00, 14.00, 'description'),
(993, 'LUBROL SPEED 4T 0.7LTR	', 4, 12, 393.33, 450.00, 27.00, 'description'),
(994, 'PSO DEO 8000 10LTR	', 4, 26, 8200.00, 11000.00, 2.00, 'description'),
(995, 'SUNRISE AIR FILTER 64040 ', 1, 43, 490.00, 650.00, 2.00, 'description'),
(996, 'SUNRISE AIR FILTER 68H00', 26, 43, 230.00, 450.00, 1.00, 'description'),
(997, 'EVERY OLD AIR FILTER 77A00', 26, 30, 310.00, 450.00, 2.00, 'description'),
(998, 'SUPER MAX AIR FILTER 85KF01', 26, 30, 320.00, 450.00, 2.00, 'description'),
(1000, 'AIR FILTER 5BA SUNRISE', 26, 43, 350.00, 500.00, 4.00, 'description'),
(1001, 'R1A AIR FILTER SUNRISE', 26, 43, 320.00, 450.00, 5.00, 'description'),
(1002, 'PLC AIR FILTER ', 26, 43, 260.00, 450.00, 6.00, 'description'),
(1003, 'VEZEL 5RO AIR FILTER SUNRISE', 26, 43, 280.00, 450.00, 2.00, 'description'),
(1004, 'BRV AIR FILTER ', 26, 43, 280.00, 450.00, 3.00, 'description'),
(1005, 'INSIGHT RBJ AIR FILTER SUPER MAX', 26, 30, 450.00, 550.00, 3.00, 'description'),
(1006, '87402 AIR FILTER SUNRISE ', 26, 43, 230.00, 450.00, 2.00, 'description'),
(1007, 'AQUA AIR FILTER SUNRISE ', 26, 43, 220.00, 450.00, 5.00, 'description'),
(1008, 'YARIS AIR FILTER SUPER MAX', 26, 30, 380.00, 480.00, 6.00, 'description'),
(1009, '13010 AIR FILTER SUPER MAX', 26, 30, 500.00, 720.25, 30.00, 'description'),
(1010, '24010 AIR FILTER SUPER MAX', 26, 30, 320.00, 450.00, 3.00, 'description'),
(1011, '30060 AIR FILTER SUPER MAX', 26, 30, 450.00, 650.00, 3.00, 'description'),
(1012, '30040 AIR FILTER SUPER MAX', 26, 30, 650.00, 900.00, 3.00, 'description'),
(1013, 'KHYBER AIR FILTER SUPER MAX', 26, 30, 350.00, 400.00, 9.00, 'description'),
(1014, 'CHARDE G11 AIR FILTER', 26, 14, 250.00, 350.00, 2.00, 'description'),
(1015, '97203 AIR FILTER ', 26, 14, 460.00, 550.00, 3.00, 'description'),
(1016, 'KIA PICANTO AIR FILTER ', 26, 14, 280.00, 450.00, 6.00, 'description'),
(1017, 'KIA SPORTAGE AIR FILTER', 26, 14, 650.00, 1500.00, 3.00, 'description'),
(1018, '15070 AIR FILTER ', 26, 14, 310.00, 450.00, 6.00, 'description'),
(1019, '16020 AIR FILTER', 26, 14, 310.00, 450.00, 0.00, 'description'),
(1020, '35020 AIR FILTER', 1, 14, 330.00, 450.00, 2.00, 'description'),
(1021, 'KIA PICANTO AC FILTER', 27, 14, 250.00, 450.00, 6.00, 'description'),
(1022, 'JX1012 OIL FILTER MASTER SMALL ', 1, 14, 400.00, 500.00, 6.00, 'description'),
(1023, 'HAYCO HA583 AIR FILTER', 26, 42, 185.00, 300.00, 4.00, 'description'),
(1024, 'HAYCO HA622 AIR FILTER', 26, 42, 210.00, 450.00, 11.00, 'description'),
(1025, 'HAYCO HA632 AIR FILTER', 26, 42, 195.00, 450.00, 12.00, 'description'),
(1026, 'HAYCO HA863 AIR FILTER', 26, 42, 210.00, 450.00, 5.00, 'description'),
(1027, 'HAYCO HA2050 AIR FILTER', 26, 42, 175.00, 350.00, 8.00, 'description'),
(1028, 'HAYCO HA2042 AIR FILTER ', 26, 42, 210.00, 450.00, 10.00, 'description'),
(1029, 'SHAHZORE HAYCO AIR FILTER', 26, 42, 625.00, 800.00, 2.00, 'description'),
(1030, 'HIACE 75010 AIR FILTER ', 26, 42, 560.00, 750.00, 2.00, 'description'),
(1031, '67040 AIR FILTER', 26, 14, 750.00, 900.00, 2.00, 'description'),
(1032, 'SANTRO OIL FILTER', 1, 14, 150.00, 250.00, 6.00, 'description'),
(1033, 'MITSUBISHI LANCER OIL FILTER', 27, 14, 150.00, 300.00, 5.00, 'description'),
(1034, 'SWIFT AIR FILTER DY', 1, 14, 165.00, 350.00, 12.00, 'description'),
(1035, 'B5010 AIR FILTER ', 26, 14, 180.00, 350.00, 4.00, 'description'),
(1036, 'NEW SWIFT 81A00 AIR FILTER', 26, 14, 300.00, 500.00, 6.00, 'description'),
(1037, 'HAYCO HL124 OIL FILTER SUZUKI SMALL', 1, 42, 160.00, 250.00, -2.00, 'description'),
(1038, 'SUZUKI OIL FILTER SMALL ', 1, 14, 155.00, 250.00, 0.00, 'description'),
(1039, 'HONDA RTA OIL FILTER', 1, 37, 175.00, 300.00, 11.00, 'description'),
(1040, 'HAYCO HL186 OIL FILTER TOYOTA', 1, 42, 185.00, 300.00, 9.00, 'description'),
(1041, 'HAYCO HL306 OIL FILTER COURE ', 1, 42, 190.00, 300.00, 14.00, 'description'),
(1042, 'HAYCO HL171 SHAHZORE OIL FILTER', 1, 42, 400.00, 450.00, 10.00, 'description'),
(1043, 'HAYCO HL173 SHAHZORE GRACE OIL FILTER', 1, 42, 400.00, 500.00, 12.00, 'description'),
(1044, 'HAYCO HL385 MAZDA OIL FILTER', 1, 42, 385.00, 500.00, 11.00, 'description'),
(1045, 'HAYCO HL255 BYPASS OIL FILTER', 1, 42, 350.00, 450.00, 12.00, 'description'),
(1046, 'HAYCO HF427 TOYOTA DIESEL FILTER', 1, 42, 260.00, 350.00, 11.00, 'description'),
(1047, 'HAYCO HF430 TITAN DIESEL FILTER', 1, 42, 260.00, 350.00, 11.00, 'description'),
(1048, 'HAYCO HL198 VIGO OIL FILTER', 1, 42, 265.00, 350.00, 9.00, 'description'),
(1049, 'ZA6 OIL FILTER TOYOTA', 1, 6, 165.00, 450.00, 7.00, 'description'),
(1050, 'CITY OLD REA ZOO AIR FILTER', 1, 14, 165.00, 350.00, 4.00, 'description'),
(1051, 'CITY NEW RB6 AIR FILTER HONDA', 1, 37, 175.00, 500.00, 6.00, 'description'),
(1052, 'XLI NEW AC FILTER', 1, 14, 165.00, 350.00, 5.00, 'description'),
(1053, 'XLI OLD AC FILTER', 1, 14, 165.00, 350.00, 11.00, 'description'),
(1054, 'HONDA TGO AC FILTER', 1, 37, 165.00, 450.00, 10.00, 'description'),
(1055, 'CULTUS AC FILTER', 1, 14, 165.00, 350.00, 10.00, 'description'),
(1056, 'SWIFT AC FILTER SUZUKI', 1, 14, 165.00, 350.00, 11.00, 'description'),
(1057, 'ALTO AC FILTER SUZUKI', 1, 14, 165.00, 350.00, 8.00, 'description'),
(1058, 'WAGON-R OIL FILTER SP', 1, 14, 185.00, 350.00, 20.00, 'description'),
(1059, 'HL317 OIL FILTER ', 1, 14, 450.00, 600.00, 11.00, 'description'),
(1060, 'HFF5018 DIESEL FILTER', 1, 14, 325.00, 400.00, 12.00, 'description'),
(1061, 'MAZDA SLA1 AIR FILTER ', 1, 14, 800.00, 950.00, 2.00, 'description'),
(1062, 'MAZDA SLA2 AIR FILTER', 26, 14, 820.00, 1000.00, 2.00, 'description'),
(1063, 'MAZDA 6*9 INCH AIR FILTER', 26, 14, 800.00, 1000.00, 2.00, 'description'),
(1064, 'MAZDA OIL AIR FILTER', 26, 14, 750.00, 850.00, 2.00, 'description'),
(1065, 'MAZDA RUBBER ', 30, 14, 70.00, 150.00, 11.00, 'description'),
(1066, 'HF214 DIESEL FILTER', 1, 14, 320.00, 450.00, 12.00, 'description'),
(1067, 'HINO HL104 OIL FILTER', 1, 14, 450.00, 600.00, 5.00, 'description'),
(1068, '2250 OIL FILTER', 1, 14, 550.00, 700.00, 2.00, 'description'),
(1069, 'HINO HL103 OIL FILTER', 1, 14, 300.00, 450.00, 12.00, 'description'),
(1070, 'HF360 DIESEL FILTER', 1, 14, 200.00, 350.00, 12.00, 'description'),
(1071, 'HL302 OIL FILTER', 1, 14, 260.00, 400.00, 11.00, 'description'),
(1072, 'HL334 OIL FILTER', 1, 14, 300.00, 400.00, 8.00, 'description'),
(1073, '2.0D HL216 OIL FILTER', 1, 14, 350.00, 450.00, 8.00, 'description'),
(1074, 'ISUZU HL407 OIL FILTER', 1, 14, 750.00, 1000.00, 2.00, 'description'),
(1075, 'TOYOTA A3 OIL FILTER SP', 1, 14, 160.00, 450.00, 7.00, 'description'),
(1076, 'HINO HL102 OIL FILTER', 1, 14, 950.00, 1200.00, 4.00, 'description'),
(1077, '1332 DIESEL FILTER', 1, 14, 2500.00, 3000.00, 14.00, 'description'),
(1078, 'NISSAN SUNNY HL215 OIL FILTER', 1, 14, 210.00, 300.00, 11.00, 'description'),
(1079, 'HL311 OIL FILTER', 1, 14, 250.00, 350.00, 12.00, 'description'),
(1080, 'MASTER PAPER OIL FILTER', 1, 14, 280.00, 400.00, 12.00, 'description'),
(1081, 'SUPER MAX AIR FILTER 50MF01', 1, 30, 240.00, 450.00, 6.00, 'description'),
(1082, 'HAYCO HA633 AIR FILTER ', 26, 42, 210.00, 450.00, 7.00, 'description'),
(1083, 'GTX ESSENTIAL 1LTR', 4, 4, 805.00, 955.00, 13.00, 'description'),
(1084, 'GTX ESSENTIAL 3LTR', 4, 4, 2355.00, 2805.00, 7.00, 'description'),
(1085, 'GTX ESSENTIAL 4LTR', 4, 4, 2980.00, 3720.00, 7.00, 'description'),
(1086, 'US PETROLEUM TREATMENT', 4, 12, 750.00, 800.00, 3.00, 'description'),
(1087, 'BIKE OIL FILTER', 25, 38, 65.00, 150.00, 23.00, 'description'),
(1088, '440', 4, 11, 215.00, 300.00, 127.20, 'description'),
(1089, 'HD50', 4, 11, 260.00, 400.00, 111.55, 'description'),
(1090, 'DELO SILVER MULTI (400) 1 LTR', 4, 2, 862.00, 1018.00, 24.00, 'description'),
(1091, 'DELO SILVER MULTI (400) ', 4, 2, 750.00, 850.00, 119.80, 'description'),
(1092, 'CASTROL ACTIV ESSENTIAL 0.7L', 4, 4, 420.00, 539.00, 8.00, 'description'),
(1093, 'HAV MOTOR OIL EXTRA 10/40 3LTR', 4, 2, 3459.00, 3951.00, 4.00, 'description'),
(1094, 'HAV MOTOR OIL EXTRA 10/40 4LTR', 4, 2, 4612.00, 5268.00, 1.00, 'description'),
(1095, 'SHELL ADVANCE AX3 1LTR', 4, 3, 725.00, 874.00, 4.00, 'description'),
(1096, 'HAYCO HA584 AIR FILTER', 1, 42, 230.00, 300.00, 5.00, 'description'),
(1097, '20/50 OIL', 4, 11, 300.00, 550.00, 198.10, 'description'),
(1098, 'RED OIL', 4, 11, 300.00, 450.00, 172.00, 'description'),
(1099, 'CASTROL CRB MONO ', 4, 4, 400.00, 650.00, 94.30, 'description'),
(1100, 'BATTERY MIXTURE', 3, 1, 15.00, 30.00, 0.00, 'description'),
(1101, 'GDO-158 OIL FILTER', 1, 9, 280.00, 350.00, 6.00, 'description'),
(1102, '90915-YZZE1', 1, 6, 185.00, 450.00, 6.00, 'description'),
(1103, 'BATTERY TONIC', 6, 28, 41.66, 100.00, 1.00, 'description'),
(1107, 'PM3 AIR FILTER', 1, 25, 410.00, 500.00, 0.00, 'description'),
(1108, '18000 AIR FILTER MAX', 1, 30, 390.00, 500.00, 0.00, 'description'),
(1109, 'EE80 AIR FILTER MAX', 1, 30, 265.00, 380.00, 2.00, 'description'),
(1110, 'PR3 HONDA OIL FILTER', 1, 37, 180.00, 300.00, 6.00, 'description'),
(1111, '37021 AIR FILTER', 1, 6, 550.00, 1200.00, 3.00, 'description'),
(1112, '2280 AIR FILTER', 1, 1, 1700.00, 2200.00, 3.00, 'description'),
(1113, 'TOYOTA WS 4L', 4, 6, 8800.00, 11000.00, 0.00, 'description'),
(1114, 'TOYOTA T4 1LTR', 4, 6, 2200.00, 2450.00, 2.00, 'description'),
(1115, 'TOYOTA MOTOR OIL 5/30', 4, 6, 8600.00, 10000.00, 2.00, 'description'),
(1116, 'TOYOTA MOTOR OIL 0/20', 4, 6, 9000.00, 10500.00, 2.00, 'description'),
(1117, 'GEAR OIL SAE 90 1LTR', 1, 1, 375.00, 500.00, 0.00, 'description'),
(1118, 'HONDA SWA AC FILTER', 4, 37, 200.00, 450.00, 6.00, 'description'),
(1119, 'RAA AIR FILTER', 1, 30, 450.00, 750.00, 2.00, 'description'),
(1120, 'HAVOLINE 4T 20/40 1L', 4, 2, 789.00, 880.00, 10.00, 'description'),
(1121, 'HAVOLINE SUPER 4T 20/50 0.7L', 4, 2, 683.33, 744.00, 6.00, 'description'),
(1122, 'HAVOLINE SUPER 4T 20/50 1L', 4, 2, 963.00, 1046.00, 6.00, 'description'),
(1123, 'CASTROL MAGNETIC 10/40 3L', 4, 4, 3420.00, 4585.00, 1.00, 'description'),
(1124, 'CASTROL MAGNETIC 10/40 4L', 4, 4, 4560.00, 6105.00, 1.00, 'description'),
(1125, 'CASTROL MAGNETIC 5/30 3L', 4, 4, 3900.00, 5465.00, 1.00, 'description'),
(1126, 'CASTROL MAGNETIC 5/30 4L', 4, 4, 5200.00, 7285.00, 1.00, 'description'),
(1127, 'GEAR OIL ', 4, 12, 175.00, 400.00, 230.30, 'description'),
(1128, 'VESLEE HARDWAX', 2, 1, 880.00, 1100.00, 1.00, 'description'),
(1129, 'ZIC X1000 SG 20W/50', 4, 5, 775.00, 900.00, 400.00, 'description'),
(1130, 'ZIC ATF MULTI', 4, 5, 1900.00, 2215.00, 12.00, 'description'),
(1131, 'TIRE SHINE', 24, 1, 250.00, 450.00, 2.00, 'description'),
(1132, 'FORMULA TUBE', 2, 1, 100.00, 250.00, 4.00, 'description'),
(1133, 'VESLEE COOLANT RED', 5, 1, 160.00, 300.00, 5.00, 'description'),
(1134, 'LUBROL SPEED 4T 1L', 4, 1, 526.66, 650.00, 12.00, 'description'),
(1135, 'Testing Prod 8', 3, 10, 700.00, 1000.00, 20.00, 'description'),
(1140, 'Testing Prod 3', 5, 26, 533.00, 194.00, 100.00, 'description');

-- --------------------------------------------------------

--
-- Table structure for table `product_batch`
--

CREATE TABLE `product_batch` (
  `id` int(11) NOT NULL,
  `product_id` int(11) NOT NULL,
  `buying_price` float(10,2) NOT NULL,
  `selling_price` float(10,2) NOT NULL,
  `quantity` float(10,2) NOT NULL,
  `import_quantity` float(10,2) NOT NULL,
  `date` timestamp NOT NULL DEFAULT current_timestamp()
) ENGINE=InnoDB DEFAULT CHARSET=latin1;

--
-- Dumping data for table `product_batch`
--

INSERT INTO `product_batch` (`id`, `product_id`, `buying_price`, `selling_price`, `quantity`, `import_quantity`, `date`) VALUES
(1, 62, 7921.60, 9795.00, 7.00, 8.00, '2023-04-13 11:35:53'),
(2, 772, 7441.50, 9595.00, 8.00, 8.00, '2023-04-13 11:36:58'),
(3, 66, 4954.08, 5730.00, 58.00, 60.00, '2023-04-13 11:37:54'),
(4, 65, 6604.00, 8485.00, 75.00, 80.00, '2023-04-13 11:38:49'),
(5, 67, 6056.20, 7640.00, 119.00, 120.00, '2023-04-13 11:40:27'),
(6, 61, 11129.20, 13225.00, 8.00, 8.00, '2023-04-13 11:41:19'),
(7, 621, 5532.00, 6890.00, 353.00, 360.00, '2023-04-13 11:42:31'),
(8, 622, 4149.00, 5170.00, 451.00, 456.00, '2023-04-13 11:43:47'),
(9, 68, 4545.00, 5730.00, 297.00, 300.00, '2023-04-13 11:44:32'),
(10, 394, 515.00, 624.50, 44.00, 60.00, '2023-04-13 11:46:17'),
(11, 49, 980.00, 1129.00, 22.00, 24.00, '2023-04-13 11:46:56'),
(12, 48, 2835.00, 3286.00, 1.00, 20.00, '2023-04-13 11:47:32'),
(13, 47, 3780.00, 4395.00, 3.00, 8.00, '2023-04-13 11:48:08'),
(14, 464, 3870.00, 4581.00, 6.00, 8.00, '2023-04-13 11:49:56'),
(15, 775, 5160.00, 6099.00, 5.00, 8.00, '2023-04-13 11:50:19'),
(16, 44, 4500.00, 5464.00, 2.00, 4.00, '2023-04-13 11:51:02'),
(17, 43, 6000.00, 7279.00, 3.00, 4.00, '2023-04-13 11:51:26'),
(18, 525, 526.00, 599.00, 33.00, 60.00, '2023-04-13 11:52:55'),
(19, 25, 948.00, 1053.00, 17.00, 24.00, '2023-04-13 11:54:34'),
(20, 24, 2844.00, 3159.00, 4.00, 8.00, '2023-04-13 11:54:59'),
(21, 23, 3792.00, 4212.00, 1.00, 8.00, '2023-04-13 11:55:20'),
(22, 16, 3675.00, 4073.00, 8.00, 8.00, '2023-04-13 11:56:02'),
(23, 15, 4900.00, 5430.00, 8.00, 8.00, '2023-04-13 11:56:23'),
(24, 13, 7472.00, 8210.00, 2.00, 2.00, '2023-04-13 11:56:54'),
(25, 634, 7472.00, 8210.00, 1.00, 1.00, '2023-04-13 11:57:29'),
(26, 8, 3312.00, 3635.00, 4.50, 8.00, '2023-04-13 11:57:57'),
(27, 7, 8280.00, 9087.00, 4.00, 4.00, '2023-04-13 11:58:43'),
(28, 5, 3448.00, 3832.00, 8.00, 8.00, '2023-04-13 11:59:10'),
(29, 4, 8620.00, 9581.00, 4.00, 4.00, '2023-04-13 11:59:44'),
(31, 2, 4332.00, 4785.00, 7.00, 8.00, '2023-04-13 12:00:30'),
(32, 1, 10830.00, 11961.00, 4.00, 4.00, '2023-04-13 12:00:57'),
(33, 10, 1110.00, 1180.00, 12.00, 12.00, '2023-04-13 12:01:55'),
(34, 80, 610.00, 720.00, 0.00, 24.00, '2023-04-13 12:02:49'),
(35, 79, 860.00, 1025.00, 17.00, 24.00, '2023-04-13 12:03:35'),
(36, 78, 790.00, 940.00, 11.00, 24.00, '2023-04-13 12:05:08'),
(37, 77, 1115.00, 1330.00, 7.00, 24.00, '2023-04-13 12:05:43'),
(38, 468, 1600.00, 1860.00, 5.00, 12.00, '2023-04-13 12:06:20'),
(39, 107, 460.00, 612.00, 22.00, 24.00, '2023-04-13 12:07:43'),
(40, 106, 650.00, 853.00, 24.00, 24.00, '2023-04-13 12:08:00'),
(41, 407, 2340.00, 3538.00, 9.00, 10.00, '2023-04-13 12:09:01'),
(42, 104, 3120.00, 4121.00, 6.00, 6.00, '2023-04-13 12:09:49'),
(43, 975, 2835.00, 3675.00, 8.00, 8.00, '2023-04-13 12:13:29'),
(44, 976, 3780.00, 4900.00, 8.00, 8.00, '2023-04-13 12:14:14'),
(45, 113, 800.00, 1019.00, 60.00, 60.00, '2023-04-13 12:15:28'),
(46, 112, 2235.00, 2925.00, 14.00, 20.00, '2023-04-13 12:16:00'),
(47, 111, 2980.00, 3900.00, 17.00, 20.00, '2023-04-13 12:16:36'),
(48, 977, 2800.00, 3688.00, 8.00, 8.00, '2023-04-13 12:17:39'),
(49, 978, 2380.00, 2960.00, 8.00, 8.00, '2023-04-13 12:21:17'),
(50, 115, 450.00, 555.00, 38.00, 60.00, '2023-04-13 12:21:45'),
(51, 114, 610.00, 740.00, 34.00, 36.00, '2023-04-13 12:22:04'),
(52, 116, 630.00, 775.00, 60.00, 60.00, '2023-04-13 12:22:37'),
(53, 117, 800.00, 900.00, 22.00, 24.00, '2023-04-13 12:24:23'),
(54, 979, 1000.00, 1265.00, 24.00, 24.00, '2023-04-13 12:25:54'),
(55, 980, 4950.00, 6000.00, 7.00, 8.00, '2023-04-13 12:28:58'),
(56, 981, 6350.00, 7500.00, 8.00, 8.00, '2023-04-13 12:30:10'),
(57, 131, 18.75, 30.00, 52.00, 72.00, '2023-04-13 12:31:00'),
(58, 983, 25.00, 40.00, 36.00, 36.00, '2023-04-13 12:33:10'),
(59, 985, 350.00, 500.00, 4.00, 12.00, '2023-04-13 12:35:52'),
(60, 85, 1376.00, 1710.00, 0.00, 10.00, '2023-04-13 12:36:35'),
(61, 86, 1112.25, 1310.00, 10.00, 12.00, '2023-04-13 12:37:12'),
(62, 130, 258.33, 300.00, 17.00, 24.00, '2023-04-13 12:38:50'),
(63, 987, 837.50, 900.00, 8.00, 8.00, '2023-04-13 12:39:59'),
(64, 988, 150.00, 250.00, 6.00, 8.00, '2023-04-13 12:40:54'),
(65, 989, 250.00, 300.00, 23.00, 24.00, '2023-04-13 12:43:43'),
(66, 991, 275.00, 350.00, 14.00, 24.00, '2023-04-13 12:45:28'),
(67, 84, 2186.00, 2565.00, 21.00, 24.00, '2023-04-13 12:45:59'),
(72, 132, 200.00, 350.00, 15.00, 20.00, '2023-04-13 12:49:42'),
(73, 500, 3280.00, 4400.00, 8.00, 8.00, '2023-04-13 12:50:59'),
(74, 648, 991.79, 1250.00, 23.00, 24.00, '2023-04-13 12:55:26'),
(75, 73, 2970.00, 3700.00, 5.00, 12.00, '2023-04-13 12:56:01'),
(76, 72, 3961.75, 4935.00, 8.00, 8.00, '2023-04-13 12:56:29'),
(77, 64, 5444.00, 7045.00, 6.00, 6.00, '2023-04-13 12:57:17'),
(78, 63, 7255.25, 9390.00, 4.00, 4.00, '2023-04-13 12:58:15'),
(79, 996, 230.00, 450.00, 1.00, 2.00, '2023-04-13 13:02:48'),
(80, 997, 310.00, 450.00, 2.00, 2.00, '2023-04-13 13:03:55'),
(81, 998, 320.00, 450.00, 2.00, 2.00, '2023-04-13 13:05:26'),
(82, 520, 410.00, 500.00, 5.00, 6.00, '2023-04-13 13:06:01'),
(83, 632, 280.00, 350.00, 1.00, 1.00, '2023-04-13 13:07:25'),
(84, 282, 250.00, 350.00, 6.00, 6.00, '2023-04-13 13:08:26'),
(85, 303, 280.00, 350.00, 8.00, 9.00, '2023-04-13 13:09:14'),
(86, 203, 250.00, 350.00, 2.00, 2.00, '2023-04-13 13:10:10'),
(88, 578, 810.00, 1200.00, 1.00, 2.00, '2023-04-13 13:11:28'),
(89, 280, 220.00, 350.00, 3.00, 6.00, '2023-04-13 13:12:39'),
(90, 221, 280.00, 350.00, 5.00, 6.00, '2023-04-13 13:13:49'),
(91, 301, 310.00, 500.00, 6.00, 6.00, '2023-04-13 13:15:23'),
(92, 1000, 350.00, 500.00, 4.00, 6.00, '2023-04-13 13:16:43'),
(93, 663, 240.00, 450.00, 6.00, 6.00, '2023-04-13 13:17:55'),
(94, 1001, 320.00, 450.00, 5.00, 6.00, '2023-04-13 13:19:25'),
(95, 596, 280.00, 450.00, 3.00, 6.00, '2023-04-13 13:21:16'),
(96, 1003, 280.00, 450.00, 2.00, 3.00, '2023-04-13 13:22:45'),
(97, 1005, 450.00, 550.00, 3.00, 3.00, '2023-04-13 13:24:00'),
(98, 1008, 380.00, 480.00, 6.00, 6.00, '2023-04-13 13:25:31'),
(101, 1011, 450.00, 650.00, 3.00, 3.00, '2023-04-13 13:27:06'),
(102, 1012, 650.00, 900.00, 3.00, 3.00, '2023-04-13 13:27:36'),
(103, 1013, 350.00, 400.00, 9.00, 10.00, '2023-04-13 13:28:07'),
(104, 1014, 250.00, 350.00, 2.00, 3.00, '2023-04-13 13:29:04'),
(105, 1017, 650.00, 1500.00, 3.00, 3.00, '2023-04-13 13:30:22'),
(107, 1020, 330.00, 450.00, 2.00, 2.00, '2023-04-13 13:31:53'),
(108, 1021, 250.00, 450.00, 6.00, 6.00, '2023-04-13 13:32:34'),
(109, 1023, 180.00, 300.00, 0.00, 12.00, '2023-04-13 13:34:51'),
(110, 1024, 210.00, 450.00, 11.00, 12.00, '2023-04-13 13:35:26'),
(112, 1025, 195.00, 450.00, 12.00, 12.00, '2023-04-13 13:36:17'),
(113, 1026, 210.00, 450.00, 1.00, 4.00, '2023-04-13 13:36:40'),
(114, 1027, 175.00, 350.00, 8.00, 12.00, '2023-04-13 13:37:12'),
(115, 1029, 625.00, 800.00, 2.00, 2.00, '2023-04-13 13:38:34'),
(116, 476, 850.00, 1200.00, 2.00, 2.00, '2023-04-13 13:39:53'),
(117, 1031, 750.00, 900.00, 2.00, 2.00, '2023-04-13 13:40:23'),
(118, 1032, 150.00, 250.00, 6.00, 6.00, '2023-04-13 13:40:55'),
(119, 1033, 150.00, 300.00, 5.00, 6.00, '2023-04-13 13:41:34'),
(120, 1034, 165.00, 350.00, 12.00, 12.00, '2023-04-13 13:42:26'),
(121, 1036, 300.00, 500.00, 6.00, 6.00, '2023-04-13 13:43:30'),
(122, 1037, 155.00, 200.00, 0.00, 20.00, '2023-04-13 13:44:27'),
(123, 1039, 175.00, 300.00, 11.00, 20.00, '2023-04-13 13:46:07'),
(124, 1040, 185.00, 300.00, 9.00, 20.00, '2023-04-13 13:46:38'),
(125, 1042, 400.00, 450.00, 10.00, 12.00, '2023-04-13 13:48:04'),
(126, 1043, 400.00, 500.00, 12.00, 12.00, '2023-04-13 13:48:38'),
(127, 1044, 385.00, 500.00, 11.00, 12.00, '2023-04-13 13:49:07'),
(128, 1045, 350.00, 450.00, 12.00, 12.00, '2023-04-13 13:49:37'),
(129, 1046, 260.00, 350.00, 11.00, 12.00, '2023-04-13 13:50:14'),
(130, 1047, 260.00, 350.00, 11.00, 12.00, '2023-04-13 13:51:02'),
(131, 1048, 265.00, 350.00, 9.00, 12.00, '2023-04-13 13:51:28'),
(132, 1049, 165.00, 950.00, 7.00, 10.00, '2023-04-13 13:52:15'),
(133, 1050, 165.00, 350.00, 4.00, 4.00, '2023-04-13 13:52:59'),
(134, 1051, 175.00, 500.00, 6.00, 6.00, '2023-04-13 13:53:31'),
(135, 1052, 165.00, 350.00, 5.00, 12.00, '2023-04-13 13:53:54'),
(136, 1053, 165.00, 350.00, 11.00, 12.00, '2023-04-13 13:54:11'),
(137, 1054, 165.00, 450.00, 10.00, 12.00, '2023-04-13 13:54:45'),
(138, 1055, 165.00, 350.00, 10.00, 12.00, '2023-04-13 13:55:10'),
(139, 1056, 165.00, 350.00, 11.00, 12.00, '2023-04-13 13:55:45'),
(140, 1057, 165.00, 350.00, 8.00, 12.00, '2023-04-13 13:56:15'),
(141, 1058, 185.00, 350.00, 20.00, 20.00, '2023-04-13 13:57:03'),
(142, 1060, 325.00, 400.00, 12.00, 12.00, '2023-04-13 13:58:46'),
(143, 1062, 820.00, 1000.00, 2.00, 2.00, '2023-04-13 13:59:37'),
(144, 1063, 800.00, 1000.00, 2.00, 2.00, '2023-04-13 14:00:18'),
(145, 1064, 750.00, 850.00, 2.00, 2.00, '2023-04-13 14:01:12'),
(146, 1066, 320.00, 450.00, 12.00, 12.00, '2023-04-13 14:02:26'),
(147, 1067, 450.00, 600.00, 5.00, 5.00, '2023-04-13 14:03:05'),
(148, 1068, 550.00, 700.00, 2.00, 2.00, '2023-04-13 14:03:27'),
(149, 1069, 300.00, 450.00, 12.00, 12.00, '2023-04-13 14:03:49'),
(150, 1070, 200.00, 350.00, 12.00, 12.00, '2023-04-13 14:04:14'),
(151, 1071, 260.00, 400.00, 11.00, 11.00, '2023-04-13 14:04:46'),
(152, 1072, 300.00, 400.00, 8.00, 8.00, '2023-04-13 14:05:08'),
(154, 1074, 750.00, 1000.00, 2.00, 2.00, '2023-04-13 14:07:34'),
(155, 1075, 160.00, 450.00, 7.00, 10.00, '2023-04-13 14:08:11'),
(156, 1076, 950.00, 1200.00, 4.00, 6.00, '2023-04-13 14:08:57'),
(157, 1077, 350.00, 450.00, 4.00, 6.00, '2023-04-13 14:09:24'),
(158, 1078, 210.00, 300.00, 11.00, 12.00, '2023-04-13 14:09:55'),
(159, 1079, 250.00, 350.00, 12.00, 12.00, '2023-04-13 14:10:27'),
(160, 1080, 280.00, 400.00, 12.00, 12.00, '2023-04-13 14:11:59'),
(161, 1081, 240.00, 450.00, 6.00, 6.00, '2023-04-14 07:15:39'),
(162, 1035, 180.00, 350.00, 4.00, 6.00, '2023-04-14 20:48:44'),
(163, 982, 40.27, 50.00, 34.00, 36.00, '2023-04-14 20:50:37'),
(164, 1016, 180.00, 450.00, 6.00, 6.00, '2023-04-14 20:52:04'),
(165, 1061, 800.00, 950.00, 2.00, 2.00, '2023-04-14 20:53:18'),
(166, 993, 383.33, 450.00, 15.00, 24.00, '2023-04-14 20:54:59'),
(167, 1007, 220.00, 450.00, 5.00, 6.00, '2023-04-14 20:55:56'),
(168, 986, 200.00, 250.00, 22.00, 24.00, '2023-04-14 20:57:46'),
(169, 1004, 280.00, 450.00, 3.00, 3.00, '2023-04-14 20:58:43'),
(170, 1065, 70.00, 150.00, 11.00, 12.00, '2023-04-14 21:00:04'),
(171, 1030, 560.00, 750.00, 2.00, 2.00, '2023-04-14 21:01:16'),
(172, 994, 8200.00, 11000.00, 2.00, 2.00, '2023-04-14 21:02:15'),
(173, 1059, 450.00, 600.00, 11.00, 12.00, '2023-04-14 21:05:59'),
(174, 990, 360.00, 400.00, 22.00, 24.00, '2023-04-14 21:08:12'),
(175, 984, 316.68, 380.00, 12.00, 12.00, '2023-04-14 21:10:15'),
(176, 1002, 260.00, 450.00, 6.00, 6.00, '2023-04-14 21:10:58'),
(177, 1018, 310.00, 450.00, 6.00, 6.00, '2023-04-14 21:11:33'),
(178, 1082, 210.00, 450.00, 7.00, 12.00, '2023-04-14 21:12:55'),
(179, 1015, 460.00, 550.00, 3.00, 3.00, '2023-04-14 21:13:44'),
(180, 995, 490.00, 650.00, 2.00, 2.00, '2023-04-14 21:14:21'),
(181, 1028, 210.00, 450.00, 10.00, 12.00, '2023-04-14 21:14:48'),
(182, 1041, 190.00, 300.00, 14.00, 20.00, '2023-04-14 21:15:38'),
(183, 1006, 230.00, 450.00, 2.00, 3.00, '2023-04-14 21:16:25'),
(184, 1038, 155.00, 250.00, 0.00, 20.00, '2023-04-14 21:18:36'),
(185, 1022, 400.00, 500.00, 6.00, 6.00, '2023-04-14 21:20:25'),
(186, 1083, 805.00, 955.00, 13.00, 24.00, '2023-04-15 11:18:00'),
(187, 1084, 2355.00, 2805.00, 7.00, 8.00, '2023-04-15 11:19:30'),
(188, 1085, 2980.00, 3720.00, 7.00, 8.00, '2023-04-15 11:20:24'),
(189, 1086, 750.00, 800.00, 3.00, 4.00, '2023-04-15 11:21:41'),
(190, 1087, 65.00, 150.00, 3.00, 10.00, '2023-04-15 11:23:59'),
(192, 1089, 260.00, 400.00, 111.55, 205.00, '2023-04-15 11:26:27'),
(193, 1090, 862.00, 968.00, 24.00, 24.00, '2023-04-15 11:34:05'),
(194, 1091, 750.00, 800.00, 0.00, 14.00, '2023-04-16 01:39:10'),
(195, 1092, 420.00, 539.00, 8.00, 12.00, '2023-04-16 04:31:15'),
(196, 1093, 3459.00, 3800.00, 4.00, 4.00, '2023-04-16 05:39:29'),
(197, 1094, 4612.00, 5067.00, 1.00, 2.00, '2023-04-16 05:40:25'),
(198, 1095, 725.00, 874.00, 4.00, 12.00, '2023-04-16 05:45:28'),
(199, 1096, 230.00, 300.00, 5.00, 12.00, '2023-04-17 04:46:28'),
(200, 1091, 750.00, 850.00, 119.80, 140.00, '2023-04-17 12:26:40'),
(201, 1097, 400.00, 550.00, 200.00, 200.00, '2023-04-17 12:29:07'),
(202, 1098, 300.00, 450.00, 172.00, 205.00, '2023-04-17 12:30:31'),
(204, 1101, 280.00, 350.00, 6.00, 6.00, '2023-04-19 04:21:32'),
(205, 1102, 185.00, 450.00, 6.00, 6.00, '2023-04-19 04:22:59'),
(206, 1103, 41.66, 100.00, 1.00, 6.00, '2023-04-21 02:59:58'),
(210, 1107, 410.00, 500.00, 0.00, 1.00, '2023-04-26 08:51:15'),
(211, 1023, 185.00, 300.00, 4.00, 6.00, '2023-04-27 10:32:18'),
(213, 1109, 265.00, 380.00, 2.00, 2.00, '2023-04-27 10:34:20'),
(214, 1110, 180.00, 300.00, 6.00, 6.00, '2023-04-27 10:35:19'),
(215, 1111, 550.00, 1200.00, 3.00, 3.00, '2023-04-27 10:37:00'),
(216, 1037, 160.00, 250.00, 0.00, 20.00, '2023-04-27 10:37:31'),
(217, 1112, 1700.00, 2200.00, 3.00, 3.00, '2023-04-27 10:38:21'),
(218, 1113, 8800.00, 11000.00, 0.00, 1.00, '2023-04-28 05:53:01'),
(219, 1114, 2200.00, 2450.00, 2.00, 4.00, '2023-04-28 05:53:49'),
(220, 1115, 8600.00, 10000.00, 2.00, 2.00, '2023-04-28 05:54:27'),
(221, 1116, 9000.00, 10500.00, 2.00, 2.00, '2023-04-28 05:55:23'),
(222, 48, 2835.00, 3286.00, 4.00, 4.00, '2023-04-28 05:56:09'),
(223, 85, 1502.00, 1710.00, 9.00, 12.00, '2023-04-28 05:57:06'),
(224, 1117, 375.00, 500.00, 1.00, 6.00, '2023-04-28 06:18:35'),
(225, 1118, 250.00, 450.00, 0.00, 1.00, '2023-05-03 09:22:56'),
(226, 1119, 500.00, 750.00, 0.00, 1.00, '2023-05-03 09:24:19'),
(227, 1120, 789.00, 880.00, 10.00, 12.00, '2023-05-04 08:51:03'),
(228, 1121, 683.33, 744.00, 6.00, 6.00, '2023-05-04 08:52:09'),
(229, 1122, 963.00, 1046.00, 6.00, 6.00, '2023-05-04 08:52:56'),
(230, 1123, 3420.00, 4585.00, 1.00, 1.00, '2023-05-04 08:53:55'),
(231, 1124, 4560.00, 6105.00, 1.00, 1.00, '2023-05-04 08:54:31'),
(232, 1125, 3900.00, 5465.00, 1.00, 1.00, '2023-05-04 08:55:17'),
(233, 1126, 5200.00, 7285.00, 0.00, 1.00, '2023-05-04 08:55:57'),
(234, 1127, 170.00, 400.00, 12.30, 20.00, '2023-05-05 01:54:47'),
(235, 1128, 880.00, 1100.00, 1.00, 2.00, '2023-05-05 08:39:07'),
(236, 1129, 775.00, 861.00, 400.00, 400.00, '2023-05-06 04:51:16'),
(237, 1130, 1900.00, 2215.00, 12.00, 12.00, '2023-05-06 04:52:02'),
(239, 1127, 175.00, 400.00, 218.00, 218.00, '2023-05-06 05:10:38'),
(240, 1131, 250.00, 450.00, 2.00, 2.00, '2023-05-06 05:14:54'),
(241, 1132, 100.00, 250.00, 4.00, 4.00, '2023-05-06 05:15:19'),
(242, 1133, 160.00, 300.00, 5.00, 6.00, '2023-05-06 05:16:07'),
(243, 1126, 5200.00, 7285.00, 1.00, 1.00, '2023-05-07 05:07:29'),
(244, 23, 4024.00, 4404.00, 4.00, 4.00, '2023-05-07 05:08:20'),
(245, 80, 650.00, 720.00, 11.00, 12.00, '2023-05-07 05:09:02'),
(246, 993, 393.33, 450.00, 12.00, 12.00, '2023-05-07 05:09:36'),
(247, 1134, 526.66, 650.00, 12.00, 12.00, '2023-05-07 05:11:00'),
(248, 1119, 450.00, 750.00, 2.00, 2.00, '2023-05-09 07:01:51'),
(249, 1118, 200.00, 450.00, 6.00, 6.00, '2023-05-09 07:02:34'),
(250, 1087, 65.00, 150.00, 20.00, 20.00, '2023-05-09 07:03:03'),
(251, 1026, 210.00, 450.00, 4.00, 4.00, '2023-05-09 07:05:14'),
(253, 1009, 400.00, 550.00, 15.00, 20.00, '2023-05-30 09:48:25'),
(254, 1135, 750.00, 1050.00, 20.00, 20.00, '2023-12-15 05:43:52'),
(259, 1140, 533.00, 194.00, 100.00, 100.00, '2023-12-15 06:43:15'),
(260, 1077, 2500.00, 3000.00, 10.00, 10.00, '2023-12-15 06:54:59'),
(262, 1009, 500.00, 700.00, 15.00, 15.00, '2023-12-15 13:23:53');

-- --------------------------------------------------------

--
-- Table structure for table `vendor_payments`
--

CREATE TABLE `vendor_payments` (
  `id` int(11) NOT NULL,
  `name` varchar(191) COLLATE utf8mb4_unicode_ci NOT NULL,
  `amount` float(10,2) NOT NULL,
  `date` timestamp NOT NULL DEFAULT current_timestamp()
) ENGINE=InnoDB DEFAULT CHARSET=utf8mb4 COLLATE=utf8mb4_unicode_ci;

--
-- Dumping data for table `vendor_payments`
--

INSERT INTO `vendor_payments` (`id`, `name`, `amount`, `date`) VALUES
(1, 'FAHAD', 28500.00, '2023-04-15 19:00:00'),
(2, 'FAHAD/CASH 17-04-23', 11500.00, '2023-04-17 19:00:00'),
(3, 'FAHAD/ONLINE 17-04-23', 8150.00, '2023-04-17 19:00:00'),
(4, 'FAHAD/CASH', 27000.00, '2023-04-17 19:00:00'),
(5, 'FAHAD', 9000.00, '2023-04-22 19:00:00'),
(6, 'FAHAD', 51200.00, '2023-04-23 19:00:00'),
(8, '20/04/23', 6320.00, '2023-04-23 19:00:00'),
(9, '19/04/23', 27000.00, '2023-04-23 19:00:00'),
(10, '21/04/23', 15460.00, '2023-04-23 19:00:00'),
(11, '21/04/23', 7400.00, '2023-04-23 19:00:00'),
(12, 'FAHAD CASH', 54700.00, '2023-04-24 19:00:00'),
(13, 'FAHAD ', 12520.00, '2023-04-25 19:00:00'),
(14, 'FAHAD', 40780.00, '2023-04-26 19:00:00'),
(15, 'FAHAD', 1700.00, '2023-04-26 19:00:00'),
(16, 'FAHAD', 550.00, '2023-04-26 19:00:00'),
(17, 'FAHAD CASH', 24270.00, '2023-04-27 19:00:00'),
(18, 'FAHAD JAZZCASH', 14100.00, '2023-04-27 19:00:00'),
(19, 'fahad cash', 5050.00, '2023-04-28 19:00:00'),
(20, 'fahad cash', 36030.00, '2023-04-29 19:00:00'),
(22, 'fahad cash', 31000.00, '2023-04-30 19:00:00'),
(26, 'easypaisa fahad', 6300.00, '2023-04-30 19:00:00'),
(27, 'fahad cash', 25140.00, '2023-04-30 19:00:00'),
(28, 'fahad cash', 17530.00, '2023-05-01 19:00:00'),
(29, 'fahad easypaisa', 3000.00, '2023-05-02 19:00:00'),
(30, 'fahad easypaisa', 5800.00, '2023-05-02 19:00:00'),
(31, '29/4/31 ', 31480.00, '2023-05-02 19:00:00'),
(32, 'MOM', 20070.00, '2023-05-02 19:00:00'),
(33, 'mom', 47390.00, '2023-05-04 19:00:00'),
(34, 'fahad easypaisa', 8000.00, '2023-05-04 19:00:00'),
(35, 'mom', 45000.00, '2023-05-05 19:00:00'),
(36, 'fahad easypaisa', 850.00, '2023-05-05 19:00:00'),
(37, 'fahad easypaisa', 6200.00, '2023-05-05 19:00:00'),
(38, 'mom', 74000.00, '2023-05-05 19:00:00'),
(39, 'MOM', 56200.00, '2023-05-06 19:00:00'),
(40, 'fahad easypaisa', 6750.00, '2023-05-07 19:00:00'),
(41, 'mom', 29000.00, '2023-05-07 19:00:00'),
(42, 'fahad easypaisa', 4900.00, '2023-05-08 19:00:00'),
(43, 'mom', 26520.00, '2023-05-08 19:00:00'),
(44, 'testing', 123123.00, '2023-05-10 16:13:47');

--
-- Indexes for dumped tables
--

--
-- Indexes for table `brand`
--
ALTER TABLE `brand`
  ADD PRIMARY KEY (`id`);

--
-- Indexes for table `category`
--
ALTER TABLE `category`
  ADD PRIMARY KEY (`id`);

--
-- Indexes for table `customer`
--
ALTER TABLE `customer`
  ADD PRIMARY KEY (`id`);

--
-- Indexes for table `expense`
--
ALTER TABLE `expense`
  ADD PRIMARY KEY (`id`);

--
-- Indexes for table `orders`
--
ALTER TABLE `orders`
  ADD PRIMARY KEY (`id`);

--
-- Indexes for table `order_product`
--
ALTER TABLE `order_product`
  ADD PRIMARY KEY (`id`);

--
-- Indexes for table `product`
--
ALTER TABLE `product`
  ADD PRIMARY KEY (`id`);

--
-- Indexes for table `product_batch`
--
ALTER TABLE `product_batch`
  ADD PRIMARY KEY (`id`);

--
-- Indexes for table `vendor_payments`
--
ALTER TABLE `vendor_payments`
  ADD PRIMARY KEY (`id`);

--
-- AUTO_INCREMENT for dumped tables
--

--
-- AUTO_INCREMENT for table `brand`
--
ALTER TABLE `brand`
  MODIFY `id` int(11) NOT NULL AUTO_INCREMENT, AUTO_INCREMENT=45;

--
-- AUTO_INCREMENT for table `category`
--
ALTER TABLE `category`
  MODIFY `id` int(11) NOT NULL AUTO_INCREMENT, AUTO_INCREMENT=33;

--
-- AUTO_INCREMENT for table `customer`
--
ALTER TABLE `customer`
  MODIFY `id` int(11) NOT NULL AUTO_INCREMENT, AUTO_INCREMENT=208;

--
-- AUTO_INCREMENT for table `expense`
--
ALTER TABLE `expense`
  MODIFY `id` int(11) NOT NULL AUTO_INCREMENT, AUTO_INCREMENT=79;

--
-- AUTO_INCREMENT for table `orders`
--
ALTER TABLE `orders`
  MODIFY `id` int(11) NOT NULL AUTO_INCREMENT, AUTO_INCREMENT=574;

--
-- AUTO_INCREMENT for table `order_product`
--
ALTER TABLE `order_product`
  MODIFY `id` int(11) NOT NULL AUTO_INCREMENT, AUTO_INCREMENT=769;

--
-- AUTO_INCREMENT for table `product`
--
ALTER TABLE `product`
  MODIFY `id` int(11) NOT NULL AUTO_INCREMENT, AUTO_INCREMENT=1141;

--
-- AUTO_INCREMENT for table `product_batch`
--
ALTER TABLE `product_batch`
  MODIFY `id` int(11) NOT NULL AUTO_INCREMENT, AUTO_INCREMENT=263;

--
-- AUTO_INCREMENT for table `vendor_payments`
--
ALTER TABLE `vendor_payments`
  MODIFY `id` int(11) NOT NULL AUTO_INCREMENT, AUTO_INCREMENT=46;
COMMIT;

/*!40101 SET CHARACTER_SET_CLIENT=@OLD_CHARACTER_SET_CLIENT */;
/*!40101 SET CHARACTER_SET_RESULTS=@OLD_CHARACTER_SET_RESULTS */;
/*!40101 SET COLLATION_CONNECTION=@OLD_COLLATION_CONNECTION */;
